window_id,night_id,night_date,tile_id,window_start_utc,window_end_utc,window_seconds,best_time_utc,best_airmass,mean_airmass,mean_lunar_quality_factor,minimum_lunar_quality_factor,region_id,scheduling_class,nominal_exptime_seconds,available_until_utc
2026-10-05_T00001_W01,N20261005,2026-10-05,T00001,2026-10-06T02:00:00Z,2026-10-06T11:45:00Z,35100,2026-10-06T06:37:30Z,1.0042,1.257453,0.999678,0.997637,R00,REQUIRED,600,2026-10-11T12:30:00Z
2026-10-05_T00002_W01,N20261005,2026-10-05,T00002,2026-10-06T05:00:00Z,2026-10-06T12:30:00Z,27000,2026-10-06T09:07:30Z,1.038753,1.229835,0.998822,0.994979,R00,REQUIRED,450,2026-10-19T12:30:00Z
2026-10-05_T00003_W01,N20261005,2026-10-05,T00003,2026-10-06T03:15:00Z,2026-10-06T12:15:00Z,32400,2026-10-06T07:52:30Z,1.009627,1.259993,0.99945,0.996932,R00,FLEXIBLE,450,2026-10-19T12:30:00Z
2026-10-05_T00004_W01,N20261005,2026-10-05,T00004,2026-10-06T03:15:00Z,2026-10-06T12:30:00Z,33300,2026-10-06T07:52:30Z,1.001547,1.249648,0.999292,0.99628,R00,FLEXIBLE,1350,2026-10-19T12:30:00Z
2026-10-05_T00005_W01,N20261005,2026-10-05,T00005,2026-10-06T04:15:00Z,2026-10-06T12:30:00Z,29700,2026-10-06T08:52:30Z,1.003551,1.209219,0.998934,0.995006,R00,FLEXIBLE,1200,2026-10-19T12:30:00Z
2026-10-05_T00006_W01,N20261005,2026-10-05,T00006,2026-10-06T04:15:00Z,2026-10-06T11:15:00Z,25200,2026-10-06T07:37:30Z,1.201123,1.423044,0.999779,0.998538,R00,FLEXIBLE,450,2026-10-19T12:30:00Z
2026-10-05_T00007_W01,N20261005,2026-10-05,T00007,2026-10-06T04:30:00Z,2026-10-06T12:30:00Z,28800,2026-10-06T08:52:30Z,1.036867,1.252855,0.999045,0.99566,R00,FLEXIBLE,450,2026-10-19T12:30:00Z
2026-10-05_T00008_W01,N20261005,2026-10-05,T00008,2026-10-06T02:00:00Z,2026-10-06T12:15:00Z,36900,2026-10-06T07:07:30Z,1.040116,1.282434,0.999413,0.996262,R00,FLEXIBLE,600,2026-10-19T12:30:00Z
2026-10-05_T00009_W01,N20261005,2026-10-05,T00009,2026-10-06T04:00:00Z,2026-10-06T12:30:00Z,30600,2026-10-06T08:37:30Z,1.000465,1.205103,0.999007,0.995204,R00,FLEXIBLE,1350,2026-10-19T12:30:00Z
2026-10-05_T00010_W01,N20261005,2026-10-05,T00010,2026-10-06T03:30:00Z,2026-10-06T11:15:00Z,27900,2026-10-06T07:22:30Z,1.118215,1.361019,0.999813,0.998629,R00,FLEXIBLE,450,2026-10-19T12:30:00Z
2026-10-05_T00011_W01,N20261005,2026-10-05,T00011,2026-10-06T03:15:00Z,2026-10-06T10:15:00Z,25200,2026-10-06T06:37:30Z,1.19857,1.418344,0.999964,0.999535,R00,FLEXIBLE,450,2026-10-19T12:30:00Z
2026-10-05_T00012_W01,N20261005,2026-10-05,T00012,2026-10-06T04:45:00Z,2026-10-06T12:30:00Z,27900,2026-10-06T08:52:30Z,1.064093,1.279011,0.999038,0.995765,R00,FLEXIBLE,450,2026-10-19T12:30:00Z
2026-10-05_T00013_W01,N20261005,2026-10-05,T00013,2026-10-06T04:15:00Z,2026-10-06T11:45:00Z,27000,2026-10-06T08:07:30Z,1.167959,1.415311,0.99962,0.997858,R00,FLEXIBLE,1350,2026-10-19T12:30:00Z
2026-10-05_T00014_W01,N20261005,2026-10-05,T00014,2026-10-06T03:30:00Z,2026-10-06T12:30:00Z,32400,2026-10-06T08:22:30Z,1.000589,1.221192,0.99912,0.995498,R00,FLEXIBLE,450,2026-10-19T12:30:00Z
2026-10-05_T00015_W01,N20261005,2026-10-05,T00015,2026-10-06T02:00:00Z,2026-10-06T11:45:00Z,35100,2026-10-06T06:52:30Z,1.000067,1.272623,0.999699,0.997788,R00,FLEXIBLE,900,2026-10-19T12:30:00Z
2026-10-05_T00016_W01,N20261005,2026-10-05,T00016,2026-10-06T02:30:00Z,2026-10-06T12:15:00Z,35100,2026-10-06T07:22:30Z,1.001557,1.26188,0.999459,0.996726,R00,FLEXIBLE,1200,2026-10-19T12:30:00Z
2026-10-05_T00017_W01,N20261005,2026-10-05,T00017,2026-10-06T02:00:00Z,2026-10-06T12:15:00Z,36900,2026-10-06T07:07:30Z,1.046446,1.284045,0.999397,0.996156,R00,FLEXIBLE,900,2026-10-19T12:30:00Z
2026-10-05_T00018_W01,N20261005,2026-10-05,T00018,2026-10-06T02:00:00Z,2026-10-06T11:30:00Z,34200,2026-10-06T06:37:30Z,1.00071,1.263058,0.999767,0.998139,R00,FLEXIBLE,900,2026-10-19T12:30:00Z
2026-10-05_T00019_W01,N20261005,2026-10-05,T00019,2026-10-06T03:45:00Z,2026-10-06T12:30:00Z,31500,2026-10-06T08:37:30Z,1.001937,1.205753,0.999015,0.995103,R00,FLEXIBLE,450,2026-10-19T12:30:00Z
2026-10-05_T00020_W01,N20261005,2026-10-05,T00020,2026-10-06T04:30:00Z,2026-10-06T12:30:00Z,28800,2026-10-06T09:07:30Z,1.00336,1.207055,0.998763,0.994378,R00,FLEXIBLE,450,2026-10-19T12:30:00Z
2026-10-05_T00021_W01,N20261005,2026-10-05,T00021,2026-10-06T02:00:00Z,2026-10-06T12:30:00Z,37800,2026-10-06T07:22:30Z,1.076642,1.311193,0.999193,0.995171,R00,FLEXIBLE,900,2026-10-19T12:30:00Z
2026-10-05_T00022_W01,N20261005,2026-10-05,T00022,2026-10-06T05:00:00Z,2026-10-06T12:00:00Z,25200,2026-10-06T08:37:30Z,1.21477,1.441046,0.999407,0.997175,R00,FLEXIBLE,1200,2026-10-19T12:30:00Z
2026-10-05_T00023_W01,N20261005,2026-10-05,T00023,2026-10-06T04:45:00Z,2026-10-06T11:45:00Z,25200,2026-10-06T08:07:30Z,1.181635,1.393876,0.999559,0.997678,R00,FLEXIBLE,600,2026-10-19T12:30:00Z
2026-10-05_T00024_W01,N20261005,2026-10-05,T00024,2026-10-06T03:00:00Z,2026-10-06T12:30:00Z,34200,2026-10-06T08:22:30Z,1.059776,1.26309,0.99895,0.99432,R00,FLEXIBLE,600,2026-10-19T12:30:00Z
2026-10-05_T00026_W01,N20261005,2026-10-05,T00026,2026-10-06T06:00:00Z,2026-10-06T12:30:00Z,23400,2026-10-06T10:37:30Z,1.00099,1.197008,0.99733,0.990142,R01,REQUIRED,600,2026-10-19T12:30:00Z
2026-10-05_T00027_W01,N20261005,2026-10-05,T00027,2026-10-06T04:00:00Z,2026-10-06T12:30:00Z,30600,2026-10-06T09:37:30Z,1.079771,1.27734,0.998377,0.992148,R01,FLEXIBLE,450,2026-10-19T12:30:00Z
2026-10-05_T00028_W01,N20261005,2026-10-05,T00028,2026-10-06T06:30:00Z,2026-10-06T12:30:00Z,21600,2026-10-06T09:52:30Z,1.235349,1.408591,0.998333,0.994309,R01,FLEXIBLE,900,2026-10-19T12:30:00Z
2026-10-05_T00029_W01,N20261005,2026-10-05,T00029,2026-10-06T05:15:00Z,2026-10-06T12:30:00Z,26100,2026-10-06T09:52:30Z,1.005027,1.195638,0.998285,0.992938,R01,FLEXIBLE,900,2026-10-19T12:30:00Z
2026-10-05_T00030_W01,N20261005,2026-10-05,T00030,2026-10-06T07:15:00Z,2026-10-06T12:30:00Z,18900,2026-10-06T12:07:30Z,1.004971,1.237786,0.994506,0.983609,R01,FLEXIBLE,900,2026-10-19T12:30:00Z
2026-10-05_T00031_W01,N20261005,2026-10-05,T00031,2026-10-06T07:30:00Z,2026-10-06T12:30:00Z,18000,2026-10-06T11:52:30Z,1.034022,1.272638,0.99473,0.985026,R01,FLEXIBLE,450,2026-10-19T12:30:00Z
2026-10-05_T00032_W01,N20261005,2026-10-05,T00032,2026-10-06T06:00:00Z,2026-10-06T12:30:00Z,23400,2026-10-06T09:52:30Z,1.105159,1.276562,0.998394,0.994065,R01,FLEXIBLE,1200,2026-10-19T12:30:00Z
2026-10-05_T00033_W01,N20261005,2026-10-05,T00033,2026-10-06T04:30:00Z,2026-10-06T12:30:00Z,28800,2026-10-06T10:07:30Z,1.106603,1.297842,0.998011,0.990938,R01,FLEXIBLE,1200,2026-10-19T12:30:00Z
2026-10-05_T00034_W01,N20261005,2026-10-05,T00034,2026-10-06T05:30:00Z,2026-10-06T12:30:00Z,25200,2026-10-06T10:22:30Z,1.001041,1.197158,0.997901,0.991654,R01,FLEXIBLE,900,2026-10-19T12:30:00Z
2026-10-05_T00035_W01,N20261005,2026-10-05,T00035,2026-10-06T07:15:00Z,2026-10-06T12:30:00Z,18900,2026-10-06T10:37:30Z,1.205831,1.357879,0.997365,0.992125,R01,FLEXIBLE,1350,2026-10-19T12:30:00Z
2026-10-05_T00036_W01,N20261005,2026-10-05,T00036,2026-10-06T04:45:00Z,2026-10-06T12:30:00Z,27900,2026-10-06T10:07:30Z,1.036902,1.233133,0.998062,0.991458,R01,FLEXIBLE,450,2026-10-19T12:30:00Z
2026-10-05_T00037_W01,N20261005,2026-10-05,T00037,2026-10-06T05:45:00Z,2026-10-06T12:30:00Z,24300,2026-10-06T11:22:30Z,1.131888,1.342842,0.996848,0.987876,R01,FLEXIBLE,600,2026-10-19T12:30:00Z
2026-10-05_T00038_W01,N20261005,2026-10-05,T00038,2026-10-06T05:30:00Z,2026-10-06T12:30:00Z,25200,2026-10-06T10:37:30Z,1.019731,1.203228,0.99758,0.990369,R01,FLEXIBLE,1200,2026-10-19T12:30:00Z
2026-10-05_T00039_W01,N20261005,2026-10-05,T00039,2026-10-06T07:30:00Z,2026-10-06T12:30:00Z,18000,2026-10-06T11:52:30Z,1.033066,1.251999,0.994925,0.985581,R01,FLEXIBLE,450,2026-10-19T12:30:00Z
2026-10-05_T00040_W01,N20261005,2026-10-05,T00040,2026-10-06T07:15:00Z,2026-10-06T12:30:00Z,18900,2026-10-06T10:52:30Z,1.198475,1.368532,0.997165,0.99153,R01,FLEXIBLE,450,2026-10-19T12:30:00Z
2026-10-05_T00041_W01,N20261005,2026-10-05,T00041,2026-10-06T04:15:00Z,2026-10-06T12:30:00Z,29700,2026-10-06T09:37:30Z,1.052661,1.245716,0.998352,0.992261,R01,FLEXIBLE,1350,2026-10-19T12:30:00Z
2026-10-05_T00042_W01,N20261005,2026-10-05,T00042,2026-10-06T07:30:00Z,2026-10-06T12:30:00Z,18000,2026-10-06T11:52:30Z,1.009137,1.232716,0.994443,0.984215,R01,FLEXIBLE,1350,2026-10-19T12:30:00Z
2026-10-05_T00043_W01,N20261005,2026-10-05,T00043,2026-10-06T07:30:00Z,2026-10-06T12:30:00Z,18000,2026-10-06T12:07:30Z,1.001202,1.238814,0.994049,0.983096,R01,FLEXIBLE,900,2026-10-19T12:30:00Z
2026-10-05_T00044_W01,N20261005,2026-10-05,T00044,2026-10-06T05:45:00Z,2026-10-06T12:30:00Z,24300,2026-10-06T10:07:30Z,1.018467,1.200983,0.998025,0.992426,R01,FLEXIBLE,1200,2026-10-19T12:30:00Z
2026-10-05_T00045_W01,N20261005,2026-10-05,T00045,2026-10-06T06:45:00Z,2026-10-06T12:30:00Z,20700,2026-10-06T09:52:30Z,1.245728,1.402056,0.998212,0.994147,R01,FLEXIBLE,600,2026-10-19T12:30:00Z
2026-10-05_T00046_W01,N20261005,2026-10-05,T00046,2026-10-06T05:00:00Z,2026-10-06T12:30:00Z,27000,2026-10-06T09:52:30Z,1.000014,1.201331,0.998261,0.99259,R01,FLEXIBLE,600,2026-10-19T12:30:00Z
2026-10-05_T00047_W01,N20261005,2026-10-05,T00047,2026-10-06T07:00:00Z,2026-10-06T12:30:00Z,19800,2026-10-06T10:37:30Z,1.165681,1.327311,0.997487,0.992137,R01,FLEXIBLE,600,2026-10-19T12:30:00Z
2026-10-05_T00048_W01,N20261005,2026-10-05,T00048,2026-10-06T06:30:00Z,2026-10-06T12:30:00Z,21600,2026-10-06T10:37:30Z,1.052138,1.224164,0.997482,0.991416,R01,FLEXIBLE,900,2026-10-19T12:30:00Z
2026-10-05_T00050_W01,N20261005,2026-10-05,T00050,2026-10-06T10:30:00Z,2026-10-06T12:30:00Z,7200,2026-10-06T12:22:30Z,1.282063,1.556034,0.969975,0.959861,R02,REQUIRED,450,2026-10-19T12:30:00Z
2026-10-05_T00051_W01,N20261005,2026-10-05,T00051,2026-10-06T08:15:00Z,2026-10-06T12:30:00Z,15300,2026-10-06T12:22:30Z,1.017614,1.294326,0.99106,0.978415,R02,FLEXIBLE,900,2026-10-19T12:30:00Z
2026-10-05_T00052_W01,N20261005,2026-10-05,T00052,2026-10-06T09:45:00Z,2026-10-06T12:30:00Z,9900,2026-10-06T12:22:30Z,1.172552,1.456033,0.980103,0.968154,R02,FLEXIBLE,1200,2026-10-19T12:30:00Z
2026-10-05_T00053_W01,N20261005,2026-10-05,T00053,2026-10-06T10:45:00Z,2026-10-06T12:30:00Z,6300,2026-10-06T12:22:30Z,1.333649,1.575627,0.969293,0.960961,R02,FLEXIBLE,600,2026-10-19T12:30:00Z
2026-10-05_T00054_W01,N20261005,2026-10-05,T00054,2026-10-06T08:45:00Z,2026-10-06T12:30:00Z,13500,2026-10-06T12:22:30Z,1.105703,1.335239,0.991255,0.98134,R02,FLEXIBLE,600,2026-10-19T12:30:00Z
2026-10-05_T00055_W01,N20261005,2026-10-05,T00055,2026-10-06T08:30:00Z,2026-10-06T12:30:00Z,14400,2026-10-06T12:22:30Z,1.023997,1.306007,0.989036,0.975076,R02,FLEXIBLE,900,2026-10-19T12:30:00Z
2026-10-05_T00056_W01,N20261005,2026-10-05,T00056,2026-10-06T08:45:00Z,2026-10-06T12:30:00Z,13500,2026-10-06T12:22:30Z,1.245097,1.533719,0.990708,0.980078,R02,FLEXIBLE,900,2026-10-19T12:30:00Z
2026-10-05_T00057_W01,N20261005,2026-10-05,T00057,2026-10-06T10:00:00Z,2026-10-06T12:30:00Z,9000,2026-10-06T12:22:30Z,1.197063,1.484869,0.976215,0.964315,R02,FLEXIBLE,1350,2026-10-19T12:30:00Z
2026-10-05_T00058_W01,N20261005,2026-10-05,T00058,2026-10-06T09:15:00Z,2026-10-06T12:30:00Z,11700,2026-10-06T12:22:30Z,1.065902,1.36292,0.982485,0.967664,R02,FLEXIBLE,1200,2026-10-19T12:30:00Z
2026-10-05_T00059_W01,N20261005,2026-10-05,T00059,2026-10-06T10:00:00Z,2026-10-06T12:30:00Z,9000,2026-10-06T12:22:30Z,1.145493,1.430412,0.972039,0.958217,R02,FLEXIBLE,1350,2026-10-19T12:30:00Z
2026-10-05_T00060_W01,N20261005,2026-10-05,T00060,2026-10-06T08:00:00Z,2026-10-06T12:30:00Z,16200,2026-10-06T12:22:30Z,1.003362,1.268216,0.991887,0.97926,R02,FLEXIBLE,600,2026-10-19T12:30:00Z
2026-10-05_T00061_W01,N20261005,2026-10-05,T00061,2026-10-06T10:45:00Z,2026-10-06T12:30:00Z,6300,2026-10-06T12:22:30Z,1.394321,1.633136,0.974821,0.967953,R02,FLEXIBLE,450,2026-10-19T12:30:00Z
2026-10-05_T00062_W01,N20261005,2026-10-05,T00062,2026-10-06T10:00:00Z,2026-10-06T12:30:00Z,9000,2026-10-06T12:22:30Z,1.153709,1.433216,0.973389,0.960179,R02,FLEXIBLE,450,2026-10-19T12:30:00Z
2026-10-05_T00063_W01,N20261005,2026-10-05,T00063,2026-10-06T09:45:00Z,2026-10-06T12:30:00Z,9900,2026-10-06T12:22:30Z,1.229345,1.492699,0.983588,0.973681,R02,FLEXIBLE,600,2026-10-19T12:30:00Z
2026-10-05_T00064_W01,N20261005,2026-10-05,T00064,2026-10-06T09:15:00Z,2026-10-06T12:30:00Z,11700,2026-10-06T12:22:30Z,1.126784,1.376332,0.987696,0.977235,R02,FLEXIBLE,1350,2026-10-19T12:30:00Z
2026-10-05_T00065_W01,N20261005,2026-10-05,T00065,2026-10-06T09:00:00Z,2026-10-06T12:30:00Z,12600,2026-10-06T12:22:30Z,1.129092,1.358219,0.990234,0.98054,R02,FLEXIBLE,1200,2026-10-19T12:30:00Z
2026-10-05_T00066_W01,N20261005,2026-10-05,T00066,2026-10-06T10:15:00Z,2026-10-06T12:30:00Z,8100,2026-10-06T12:22:30Z,1.273367,1.508711,0.980679,0.972683,R02,FLEXIBLE,1200,2026-10-19T12:30:00Z
2026-10-05_T00067_W01,N20261005,2026-10-05,T00067,2026-10-06T09:45:00Z,2026-10-06T12:30:00Z,9900,2026-10-06T12:22:30Z,1.14391,1.417767,0.980436,0.968761,R02,FLEXIBLE,600,2026-10-19T12:30:00Z
2026-10-05_T00068_W01,N20261005,2026-10-05,T00068,2026-10-06T08:45:00Z,2026-10-06T12:30:00Z,13500,2026-10-06T12:22:30Z,1.06215,1.316618,0.989781,0.978211,R02,FLEXIBLE,900,2026-10-19T12:30:00Z
2026-10-05_T00069_W01,N20261005,2026-10-05,T00069,2026-10-06T08:30:00Z,2026-10-06T12:30:00Z,14400,2026-10-06T12:22:30Z,1.052487,1.333447,0.989403,0.975881,R02,FLEXIBLE,1200,2026-10-19T12:30:00Z
2026-10-05_T00070_W01,N20261005,2026-10-05,T00070,2026-10-06T08:15:00Z,2026-10-06T12:30:00Z,15300,2026-10-06T12:22:30Z,1.065191,1.345186,0.990892,0.977961,R02,FLEXIBLE,600,2026-10-19T12:30:00Z
2026-10-05_T00071_W01,N20261005,2026-10-05,T00071,2026-10-06T08:45:00Z,2026-10-06T12:30:00Z,13500,2026-10-06T12:22:30Z,1.034823,1.313831,0.988108,0.974665,R02,FLEXIBLE,900,2026-10-19T12:30:00Z
2026-10-05_T00072_W01,N20261005,2026-10-05,T00072,2026-10-06T09:00:00Z,2026-10-06T12:30:00Z,12600,2026-10-06T12:22:30Z,1.050901,1.330895,0.986298,0.972752,R02,FLEXIBLE,1350,2026-10-19T12:30:00Z
2026-10-05_T00076_W01,N20261005,2026-10-05,T00076,2026-10-06T12:00:00Z,2026-10-06T12:30:00Z,1800,2026-10-06T12:22:30Z,1.748305,1.815833,0.961846,0.960509,R03,FLEXIBLE,600,2026-10-19T12:30:00Z
2026-10-05_T00077_W01,N20261005,2026-10-05,T00077,2026-10-06T11:45:00Z,2026-10-06T12:30:00Z,2700,2026-10-06T12:22:30Z,1.604727,1.734994,0.941176,0.936861,R03,FLEXIBLE,1350,2026-10-19T12:30:00Z
2026-10-05_T00078_W01,N20261005,2026-10-05,T00078,2026-10-06T12:00:00Z,2026-10-06T12:30:00Z,1800,2026-10-06T12:22:30Z,1.769747,1.848085,0.931178,0.928716,R03,FLEXIBLE,450,2026-10-19T12:30:00Z
2026-10-05_T00080_W01,N20261005,2026-10-05,T00080,2026-10-06T11:30:00Z,2026-10-06T12:30:00Z,3600,2026-10-06T12:22:30Z,1.481176,1.649403,0.937867,0.930923,R03,FLEXIBLE,1350,2026-10-19T12:30:00Z
2026-10-05_T00085_W01,N20261005,2026-10-05,T00085,2026-10-06T10:30:00Z,2026-10-06T12:30:00Z,7200,2026-10-06T12:22:30Z,1.290625,1.571875,0.969457,0.959095,R03,FLEXIBLE,1200,2026-10-19T12:30:00Z
2026-10-05_T00092_W01,N20261005,2026-10-05,T00092,2026-10-06T10:45:00Z,2026-10-06T12:30:00Z,6300,2026-10-06T12:22:30Z,1.407399,1.648157,0.975877,0.969237,R03,FLEXIBLE,1200,2026-10-19T12:30:00Z
2026-10-05_T00096_W01,N20261005,2026-10-05,T00096,2026-10-06T12:00:00Z,2026-10-06T12:30:00Z,1800,2026-10-06T12:22:30Z,1.76316,1.835747,0.947723,0.945895,R03,FLEXIBLE,900,2026-10-19T12:30:00Z
2026-10-05_T00121_W01,N20261005,2026-10-05,T00121,2026-10-06T02:00:00Z,2026-10-06T02:45:00Z,2700,2026-10-06T02:07:30Z,1.664268,1.809944,1.0,1.0,R05,REQUIRED,900,2026-10-11T12:30:00Z
2026-10-05_T00122_W01,N20261005,2026-10-05,T00122,2026-10-06T02:00:00Z,2026-10-06T03:15:00Z,4500,2026-10-06T02:07:30Z,1.596933,1.763511,1.0,1.0,R05,REQUIRED,1200,2026-10-19T12:30:00Z
2026-10-05_T00123_W01,N20261005,2026-10-05,T00123,2026-10-06T02:00:00Z,2026-10-06T02:30:00Z,1800,2026-10-06T02:07:30Z,1.76211,1.839875,1.0,1.0,R05,FLEXIBLE,900,2026-10-19T12:30:00Z
2026-10-05_T00125_W01,N20261005,2026-10-05,T00125,2026-10-06T02:00:00Z,2026-10-06T03:30:00Z,5400,2026-10-06T02:07:30Z,1.364955,1.613067,1.0,1.0,R05,FLEXIBLE,900,2026-10-19T12:30:00Z
2026-10-05_T00126_W01,N20261005,2026-10-05,T00126,2026-10-06T02:00:00Z,2026-10-06T03:15:00Z,4500,2026-10-06T02:07:30Z,1.438217,1.651232,1.0,1.0,R05,FLEXIBLE,450,2026-10-19T12:30:00Z
2026-10-05_T00127_W01,N20261005,2026-10-05,T00127,2026-10-06T02:00:00Z,2026-10-06T03:30:00Z,5400,2026-10-06T02:07:30Z,1.353138,1.592458,1.0,1.0,R05,FLEXIBLE,600,2026-10-19T12:30:00Z
2026-10-05_T00128_W01,N20261005,2026-10-05,T00128,2026-10-06T02:00:00Z,2026-10-06T04:30:00Z,9000,2026-10-06T02:07:30Z,1.15353,1.446951,1.0,1.0,R05,FLEXIBLE,1200,2026-10-19T12:30:00Z
2026-10-05_T00129_W01,N20261005,2026-10-05,T00129,2026-10-06T02:00:00Z,2026-10-06T02:45:00Z,2700,2026-10-06T02:07:30Z,1.588526,1.711375,1.0,1.0,R05,FLEXIBLE,1350,2026-10-19T12:30:00Z
2026-10-05_T00130_W01,N20261005,2026-10-05,T00130,2026-10-06T02:00:00Z,2026-10-06T03:30:00Z,5400,2026-10-06T02:07:30Z,1.340793,1.558845,1.0,1.0,R05,FLEXIBLE,1200,2026-10-19T12:30:00Z
2026-10-05_T00132_W01,N20261005,2026-10-05,T00132,2026-10-06T02:00:00Z,2026-10-06T03:30:00Z,5400,2026-10-06T02:07:30Z,1.543929,1.733152,1.0,1.0,R05,FLEXIBLE,1350,2026-10-19T12:30:00Z
2026-10-05_T00133_W01,N20261005,2026-10-05,T00133,2026-10-06T02:00:00Z,2026-10-06T03:30:00Z,5400,2026-10-06T02:07:30Z,1.376759,1.632608,1.0,1.0,R05,FLEXIBLE,1350,2026-10-19T12:30:00Z
2026-10-05_T00134_W01,N20261005,2026-10-05,T00134,2026-10-06T02:00:00Z,2026-10-06T05:00:00Z,10800,2026-10-06T02:07:30Z,1.112987,1.397114,1.0,1.0,R05,FLEXIBLE,1200,2026-10-19T12:30:00Z
2026-10-05_T00135_W01,N20261005,2026-10-05,T00135,2026-10-06T02:00:00Z,2026-10-06T05:00:00Z,10800,2026-10-06T02:07:30Z,1.179772,1.463128,1.0,1.0,R05,FLEXIBLE,450,2026-10-19T12:30:00Z
2026-10-05_T00136_W01,N20261005,2026-10-05,T00136,2026-10-06T02:00:00Z,2026-10-06T02:45:00Z,2700,2026-10-06T02:07:30Z,1.670367,1.791305,1.0,1.0,R05,FLEXIBLE,600,2026-10-19T12:30:00Z
2026-10-05_T00137_W01,N20261005,2026-10-05,T00137,2026-10-06T02:00:00Z,2026-10-06T03:30:00Z,5400,2026-10-06T02:07:30Z,1.420608,1.656754,1.0,1.0,R05,FLEXIBLE,1350,2026-10-19T12:30:00Z
2026-10-05_T00138_W01,N20261005,2026-10-05,T00138,2026-10-06T02:00:00Z,2026-10-06T03:15:00Z,4500,2026-10-06T02:07:30Z,1.487822,1.708062,1.0,1.0,R05,FLEXIBLE,1350,2026-10-19T12:30:00Z
2026-10-05_T00139_W01,N20261005,2026-10-05,T00139,2026-10-06T02:00:00Z,2026-10-06T04:30:00Z,9000,2026-10-06T02:07:30Z,1.309691,1.57635,1.0,1.0,R05,FLEXIBLE,1350,2026-10-19T12:30:00Z
2026-10-05_T00140_W01,N20261005,2026-10-05,T00140,2026-10-06T02:00:00Z,2026-10-06T03:00:00Z,3600,2026-10-06T02:07:30Z,1.620868,1.758213,1.0,1.0,R05,FLEXIBLE,600,2026-10-19T12:30:00Z
2026-10-05_T00141_W01,N20261005,2026-10-05,T00141,2026-10-06T02:00:00Z,2026-10-06T03:15:00Z,4500,2026-10-06T02:07:30Z,1.433002,1.645265,1.0,1.0,R05,FLEXIBLE,450,2026-10-19T12:30:00Z
2026-10-05_T00142_W01,N20261005,2026-10-05,T00142,2026-10-06T02:00:00Z,2026-10-06T03:45:00Z,6300,2026-10-06T02:07:30Z,1.304833,1.575835,1.0,1.0,R05,FLEXIBLE,600,2026-10-19T12:30:00Z
2026-10-05_T00143_W01,N20261005,2026-10-05,T00143,2026-10-06T02:00:00Z,2026-10-06T02:45:00Z,2700,2026-10-06T02:07:30Z,1.659373,1.7855,1.0,1.0,R05,FLEXIBLE,600,2026-10-19T12:30:00Z
2026-10-05_T00144_W01,N20261005,2026-10-05,T00144,2026-10-06T02:00:00Z,2026-10-06T03:45:00Z,6300,2026-10-06T02:07:30Z,1.34823,1.594184,1.0,1.0,R05,FLEXIBLE,900,2026-10-19T12:30:00Z
2026-10-05_T00145_W01,N20261005,2026-10-05,T00145,2026-10-06T02:00:00Z,2026-10-06T06:15:00Z,15300,2026-10-06T02:07:30Z,1.018062,1.323458,1.0,1.0,R06,REQUIRED,450,2026-10-11T12:30:00Z
2026-10-05_T00146_W01,N20261005,2026-10-05,T00146,2026-10-06T02:00:00Z,2026-10-06T06:00:00Z,14400,2026-10-06T02:22:30Z,1.175848,1.368295,1.0,1.0,R06,REQUIRED,900,2026-10-19T12:30:00Z
2026-10-05_T00147_W01,N20261005,2026-10-05,T00147,2026-10-06T02:00:00Z,2026-10-06T05:30:00Z,12600,2026-10-06T02:07:30Z,1.053505,1.345377,1.0,1.0,R06,FLEXIBLE,1350,2026-10-19T12:30:00Z
2026-10-05_T00148_W01,N20261005,2026-10-05,T00148,2026-10-06T02:00:00Z,2026-10-06T08:30:00Z,23400,2026-10-06T02:52:30Z,1.10537,1.320659,1.0,1.0,R06,FLEXIBLE,450,2026-10-19T12:30:00Z
2026-10-05_T00149_W01,N20261005,2026-10-05,T00149,2026-10-06T02:00:00Z,2026-10-06T06:15:00Z,15300,2026-10-06T02:07:30Z,1.010219,1.28172,1.0,1.0,R06,FLEXIBLE,1350,2026-10-19T12:30:00Z
2026-10-05_T00150_W01,N20261005,2026-10-05,T00150,2026-10-06T02:00:00Z,2026-10-06T06:15:00Z,15300,2026-10-06T02:07:30Z,1.064679,1.367686,1.0,1.0,R06,FLEXIBLE,900,2026-10-19T12:30:00Z
2026-10-05_T00151_W01,N20261005,2026-10-05,T00151,2026-10-06T02:00:00Z,2026-10-06T06:15:00Z,15300,2026-10-06T02:37:30Z,1.192322,1.390328,1.0,1.0,R06,FLEXIBLE,1350,2026-10-19T12:30:00Z
2026-10-05_T00152_W01,N20261005,2026-10-05,T00152,2026-10-06T02:00:00Z,2026-10-06T06:00:00Z,14400,2026-10-06T02:07:30Z,1.044755,1.293162,1.0,1.0,R06,FLEXIBLE,450,2026-10-19T12:30:00Z
2026-10-05_T00153_W01,N20261005,2026-10-05,T00153,2026-10-06T02:00:00Z,2026-10-06T07:00:00Z,18000,2026-10-06T02:22:30Z,1.012384,1.257216,1.0,1.0,R06,FLEXIBLE,450,2026-10-19T12:30:00Z
2026-10-05_T00154_W01,N20261005,2026-10-05,T00154,2026-10-06T02:00:00Z,2026-10-06T06:30:00Z,16200,2026-10-06T02:37:30Z,1.134272,1.344101,1.0,1.0,R06,FLEXIBLE,1200,2026-10-19T12:30:00Z
2026-10-05_T00155_W01,N20261005,2026-10-05,T00155,2026-10-06T02:00:00Z,2026-10-06T06:00:00Z,14400,2026-10-06T02:07:30Z,1.0504,1.32097,1.0,1.0,R06,FLEXIBLE,450,2026-10-19T12:30:00Z
2026-10-05_T00156_W01,N20261005,2026-10-05,T00156,2026-10-06T02:00:00Z,2026-10-06T06:30:00Z,16200,2026-10-06T02:07:30Z,1.005192,1.284442,1.0,1.0,R06,FLEXIBLE,1200,2026-10-19T12:30:00Z
2026-10-05_T00157_W01,N20261005,2026-10-05,T00157,2026-10-06T02:00:00Z,2026-10-06T07:15:00Z,18900,2026-10-06T02:07:30Z,1.003766,1.26784,1.0,1.0,R06,FLEXIBLE,1350,2026-10-19T12:30:00Z
2026-10-05_T00158_W01,N20261005,2026-10-05,T00158,2026-10-06T02:00:00Z,2026-10-06T08:45:00Z,24300,2026-10-06T03:07:30Z,1.19036,1.37908,1.0,1.0,R06,FLEXIBLE,1350,2026-10-19T12:30:00Z
2026-10-05_T00159_W01,N20261005,2026-10-05,T00159,2026-10-06T02:00:00Z,2026-10-06T07:30:00Z,19800,2026-10-06T03:22:30Z,1.045842,1.244415,1.0,1.0,R06,FLEXIBLE,1350,2026-10-19T12:30:00Z
2026-10-05_T00160_W01,N20261005,2026-10-05,T00160,2026-10-06T02:00:00Z,2026-10-06T05:45:00Z,13500,2026-10-06T02:07:30Z,1.082888,1.363937,1.0,1.0,R06,FLEXIBLE,600,2026-10-19T12:30:00Z
2026-10-05_T00161_W01,N20261005,2026-10-05,T00161,2026-10-06T02:00:00Z,2026-10-06T07:15:00Z,18900,2026-10-06T03:07:30Z,1.049257,1.250648,1.0,1.0,R06,FLEXIBLE,1350,2026-10-19T12:30:00Z
2026-10-05_T00162_W01,N20261005,2026-10-05,T00162,2026-10-06T02:00:00Z,2026-10-06T07:15:00Z,18900,2026-10-06T02:52:30Z,1.019343,1.228142,1.0,1.0,R06,FLEXIBLE,450,2026-10-19T12:30:00Z
2026-10-05_T00163_W01,N20261005,2026-10-05,T00163,2026-10-06T02:00:00Z,2026-10-06T07:00:00Z,18000,2026-10-06T02:07:30Z,1.098447,1.349724,1.0,1.0,R06,FLEXIBLE,1350,2026-10-19T12:30:00Z
2026-10-05_T00164_W01,N20261005,2026-10-05,T00164,2026-10-06T02:00:00Z,2026-10-06T05:00:00Z,10800,2026-10-06T02:07:30Z,1.153622,1.442679,1.0,1.0,R06,FLEXIBLE,1350,2026-10-19T12:30:00Z
2026-10-05_T00165_W01,N20261005,2026-10-05,T00165,2026-10-06T02:00:00Z,2026-10-06T06:30:00Z,16200,2026-10-06T02:07:30Z,1.036812,1.279477,1.0,1.0,R06,FLEXIBLE,900,2026-10-19T12:30:00Z
2026-10-05_T00166_W01,N20261005,2026-10-05,T00166,2026-10-06T02:00:00Z,2026-10-06T05:15:00Z,11700,2026-10-06T02:07:30Z,1.118101,1.400601,1.0,1.0,R06,FLEXIBLE,600,2026-10-19T12:30:00Z
2026-10-05_T00167_W01,N20261005,2026-10-05,T00167,2026-10-06T02:00:00Z,2026-10-06T05:30:00Z,12600,2026-10-06T02:07:30Z,1.182717,1.4109,1.0,1.0,R06,FLEXIBLE,900,2026-10-19T12:30:00Z
2026-10-05_T00168_W01,N20261005,2026-10-05,T00168,2026-10-06T02:00:00Z,2026-10-06T08:30:00Z,23400,2026-10-06T03:07:30Z,1.061892,1.272181,1.0,1.0,R06,FLEXIBLE,900,2026-10-19T12:30:00Z
2026-10-05_T00169_W01,N20261005,2026-10-05,T00169,2026-10-06T02:00:00Z,2026-10-06T07:15:00Z,18900,2026-10-06T03:52:30Z,1.215057,1.36276,1.0,1.0,R07,REQUIRED,900,2026-10-11T12:30:00Z
2026-10-05_T00170_W01,N20261005,2026-10-05,T00170,2026-10-06T02:30:00Z,2026-10-06T10:15:00Z,27900,2026-10-06T06:22:30Z,1.102685,1.3364,0.999969,0.999553,R07,REQUIRED,450,2026-10-19T12:30:00Z
2026-10-05_T00171_W01,N20261005,2026-10-05,T00171,2026-10-06T02:00:00Z,2026-10-06T10:00:00Z,28800,2026-10-06T04:37:30Z,1.048174,1.242466,0.999967,0.999369,R07,FLEXIBLE,1350,2026-10-19T12:30:00Z
2026-10-05_T00172_W01,N20261005,2026-10-05,T00172,2026-10-06T02:00:00Z,2026-10-06T09:45:00Z,27900,2026-10-06T04:22:30Z,1.049129,1.23937,0.999986,0.99965,R07,FLEXIBLE,450,2026-10-19T12:30:00Z
2026-10-05_T00173_W01,N20261005,2026-10-05,T00173,2026-10-06T02:00:00Z,2026-10-06T10:15:00Z,29700,2026-10-06T04:52:30Z,1.040127,1.240494,0.999942,0.999117,R07,FLEXIBLE,600,2026-10-19T12:30:00Z
2026-10-05_T00174_W01,N20261005,2026-10-05,T00174,2026-10-06T02:00:00Z,2026-10-06T11:00:00Z,32400,2026-10-06T05:22:30Z,1.12058,1.304357,0.999762,0.997674,R07,FLEXIBLE,1350,2026-10-19T12:30:00Z
2026-10-05_T00175_W01,N20261005,2026-10-05,T00175,2026-10-06T02:00:00Z,2026-10-06T09:00:00Z,25200,2026-10-06T04:37:30Z,1.04576,1.233602,1.0,1.0,R07,FLEXIBLE,1350,2026-10-19T12:30:00Z
2026-10-05_T00176_W01,N20261005,2026-10-05,T00176,2026-10-06T02:00:00Z,2026-10-06T09:30:00Z,27000,2026-10-06T04:22:30Z,1.026831,1.226512,0.999998,0.999939,R07,FLEXIBLE,450,2026-10-19T12:30:00Z
2026-10-05_T00177_W01,N20261005,2026-10-05,T00177,2026-10-06T02:00:00Z,2026-10-06T10:00:00Z,28800,2026-10-06T04:52:30Z,1.021742,1.216136,0.999972,0.999455,R07,FLEXIBLE,900,2026-10-19T12:30:00Z
2026-10-05_T00178_W01,N20261005,2026-10-05,T00178,2026-10-06T02:00:00Z,2026-10-06T10:45:00Z,31500,2026-10-06T05:37:30Z,1.022485,1.224083,0.999878,0.99865,R07,FLEXIBLE,1200,2026-10-19T12:30:00Z
2026-10-05_T00179_W01,N20261005,2026-10-05,T00179,2026-10-06T02:00:00Z,2026-10-06T10:30:00Z,30600,2026-10-06T05:22:30Z,1.042257,1.228431,0.999906,0.998801,R07,FLEXIBLE,900,2026-10-19T12:30:00Z
2026-10-05_T00180_W01,N20261005,2026-10-05,T00180,2026-10-06T02:00:00Z,2026-10-06T11:00:00Z,32400,2026-10-06T05:22:30Z,1.126993,1.311915,0.999758,0.997642,R07,FLEXIBLE,450,2026-10-19T12:30:00Z
2026-10-05_T00181_W01,N20261005,2026-10-05,T00181,2026-10-06T02:00:00Z,2026-10-06T09:00:00Z,25200,2026-10-06T04:52:30Z,1.058407,1.252252,1.0,1.0,R07,FLEXIBLE,900,2026-10-19T12:30:00Z
2026-10-05_T00182_W01,N20261005,2026-10-05,T00182,2026-10-06T02:00:00Z,2026-10-06T09:45:00Z,27900,2026-10-06T05:22:30Z,1.014806,1.211485,0.999993,0.99982,R07,FLEXIBLE,450,2026-10-19T12:30:00Z
2026-10-05_T00183_W01,N20261005,2026-10-05,T00183,2026-10-06T02:00:00Z,2026-10-06T10:30:00Z,30600,2026-10-06T05:37:30Z,1.000505,1.203632,0.999932,0.999138,R07,FLEXIBLE,450,2026-10-19T12:30:00Z
2026-10-05_T00184_W01,N20261005,2026-10-05,T00184,2026-10-06T02:00:00Z,2026-10-06T08:30:00Z,23400,2026-10-06T04:07:30Z,1.034506,1.225033,1.0,1.0,R07,FLEXIBLE,600,2026-10-19T12:30:00Z
2026-10-05_T00185_W01,N20261005,2026-10-05,T00185,2026-10-06T02:00:00Z,2026-10-06T10:00:00Z,28800,2026-10-06T04:52:30Z,1.027349,1.223745,0.999971,0.999436,R07,FLEXIBLE,600,2026-10-19T12:30:00Z
2026-10-05_T00186_W01,N20261005,2026-10-05,T00186,2026-10-06T02:00:00Z,2026-10-06T10:45:00Z,31500,2026-10-06T05:37:30Z,1.009147,1.220022,0.999889,0.998781,R07,FLEXIBLE,1350,2026-10-19T12:30:00Z
2026-10-05_T00187_W01,N20261005,2026-10-05,T00187,2026-10-06T02:00:00Z,2026-10-06T11:00:00Z,32400,2026-10-06T05:37:30Z,1.073952,1.259354,0.999789,0.997939,R07,FLEXIBLE,600,2026-10-19T12:30:00Z
2026-10-05_T00188_W01,N20261005,2026-10-05,T00188,2026-10-06T02:00:00Z,2026-10-06T07:45:00Z,20700,2026-10-06T03:37:30Z,1.087556,1.284462,1.0,1.0,R07,FLEXIBLE,450,2026-10-19T12:30:00Z
2026-10-05_T00189_W01,N20261005,2026-10-05,T00189,2026-10-06T02:00:00Z,2026-10-06T09:30:00Z,27000,2026-10-06T05:07:30Z,1.028847,1.227013,0.999999,0.999968,R07,FLEXIBLE,600,2026-10-19T12:30:00Z
2026-10-05_T00190_W01,N20261005,2026-10-05,T00190,2026-10-06T02:00:00Z,2026-10-06T08:45:00Z,24300,2026-10-06T04:52:30Z,1.121052,1.309588,1.0,1.0,R07,FLEXIBLE,1350,2026-10-19T12:30:00Z
2026-10-05_T00191_W01,N20261005,2026-10-05,T00191,2026-10-06T02:00:00Z,2026-10-06T08:15:00Z,22500,2026-10-06T03:37:30Z,1.017423,1.218861,1.0,1.0,R07,FLEXIBLE,450,2026-10-19T12:30:00Z
2026-10-05_T00192_W01,N20261005,2026-10-05,T00192,2026-10-06T02:00:00Z,2026-10-06T10:00:00Z,28800,2026-10-06T04:37:30Z,1.067514,1.246334,0.999964,0.99931,R07,FLEXIBLE,900,2026-10-19T12:30:00Z
2026-10-06_T00001_W01,N20261006,2026-10-06,T00001,2026-10-07T02:00:00Z,2026-10-07T11:30:00Z,34200,2026-10-07T06:37:30Z,1.004163,1.238985,0.999973,0.999584,R00,REQUIRED,600,2026-10-11T12:30:00Z
2026-10-06_T00002_W01,N20261006,2026-10-06,T00002,2026-10-07T04:45:00Z,2026-10-07T12:30:00Z,27900,2026-10-07T09:07:30Z,1.038567,1.250459,0.999813,0.998724,R00,REQUIRED,450,2026-10-19T12:30:00Z
2026-10-06_T00003_W01,N20261006,2026-10-06,T00003,2026-10-07T03:15:00Z,2026-10-07T12:15:00Z,32400,2026-10-07T07:37:30Z,1.009913,1.259696,0.999917,0.999256,R00,FLEXIBLE,450,2026-10-19T12:30:00Z
2026-10-06_T00004_W01,N20261006,2026-10-06,T00004,2026-10-07T03:15:00Z,2026-10-07T12:30:00Z,33300,2026-10-07T07:52:30Z,1.001309,1.248965,0.999882,0.999042,R00,FLEXIBLE,1350,2026-10-19T12:30:00Z
2026-10-06_T00005_W01,N20261006,2026-10-06,T00005,2026-10-07T04:15:00Z,2026-10-07T12:30:00Z,29700,2026-10-07T08:52:30Z,1.003544,1.205198,0.999825,0.998728,R00,FLEXIBLE,1200,2026-10-19T12:30:00Z
2026-10-06_T00006_W01,N20261006,2026-10-06,T00006,2026-10-07T04:00:00Z,2026-10-07T11:00:00Z,25200,2026-10-07T07:37:30Z,1.201176,1.42269,0.999993,0.999856,R00,FLEXIBLE,450,2026-10-19T12:30:00Z
2026-10-06_T00007_W01,N20261006,2026-10-06,T00007,2026-10-07T04:30:00Z,2026-10-07T12:30:00Z,28800,2026-10-07T08:52:30Z,1.037207,1.250014,0.999843,0.998898,R00,FLEXIBLE,450,2026-10-19T12:30:00Z
2026-10-06_T00008_W01,N20261006,2026-10-06,T00008,2026-10-07T02:00:00Z,2026-10-07T12:15:00Z,36900,2026-10-07T06:52:30Z,1.039907,1.283471,0.999904,0.999017,R00,FLEXIBLE,600,2026-10-19T12:30:00Z
2026-10-06_T00009_W01,N20261006,2026-10-06,T00009,2026-10-07T03:45:00Z,2026-10-07T12:30:00Z,31500,2026-10-07T08:37:30Z,1.000361,1.224506,0.99984,0.998772,R00,FLEXIBLE,1350,2026-10-19T12:30:00Z
2026-10-06_T00010_W01,N20261006,2026-10-06,T00010,2026-10-07T03:30:00Z,2026-10-07T11:00:00Z,27000,2026-10-07T07:07:30Z,1.118612,1.340223,0.999994,0.999867,R00,FLEXIBLE,450,2026-10-19T12:30:00Z
2026-10-06_T00011_W01,N20261006,2026-10-06,T00011,2026-10-07T03:15:00Z,2026-10-07T10:15:00Z,25200,2026-10-07T06:37:30Z,1.198346,1.419445,1.0,1.0,R00,FLEXIBLE,450,2026-10-19T12:30:00Z
2026-10-06_T00012_W01,N20261006,2026-10-06,T00012,2026-10-07T04:45:00Z,2026-10-07T12:30:00Z,27900,2026-10-07T08:52:30Z,1.064238,1.276749,0.999842,0.998921,R00,FLEXIBLE,450,2026-10-19T12:30:00Z
2026-10-06_T00013_W01,N20261006,2026-10-06,T00013,2026-10-07T04:15:00Z,2026-10-07T11:30:00Z,26100,2026-10-07T07:52:30Z,1.167498,1.394198,0.99997,0.999644,R00,FLEXIBLE,1350,2026-10-19T12:30:00Z
2026-10-06_T00014_W01,N20261006,2026-10-06,T00014,2026-10-07T03:30:00Z,2026-10-07T12:30:00Z,32400,2026-10-07T08:22:30Z,1.000727,1.218581,0.999853,0.998836,R00,FLEXIBLE,450,2026-10-19T12:30:00Z
2026-10-06_T00015_W01,N20261006,2026-10-06,T00015,2026-10-07T02:00:00Z,2026-10-07T11:30:00Z,34200,2026-10-07T06:52:30Z,1.000338,1.253314,0.999976,0.999618,R00,FLEXIBLE,900,2026-10-19T12:30:00Z
2026-10-06_T00016_W01,N20261006,2026-10-06,T00016,2026-10-07T02:30:00Z,2026-10-07T12:15:00Z,35100,2026-10-07T07:22:30Z,1.001353,1.261282,0.999916,0.999183,R00,FLEXIBLE,1200,2026-10-19T12:30:00Z
2026-10-06_T00017_W01,N20261006,2026-10-06,T00017,2026-10-07T02:00:00Z,2026-10-07T12:15:00Z,36900,2026-10-07T06:52:30Z,1.046371,1.284928,0.999901,0.998986,R00,FLEXIBLE,900,2026-10-19T12:30:00Z
2026-10-06_T00018_W01,N20261006,2026-10-06,T00018,2026-10-07T02:00:00Z,2026-10-07T11:30:00Z,34200,2026-10-07T06:37:30Z,1.000565,1.263871,0.999977,0.999646,R00,FLEXIBLE,900,2026-10-19T12:30:00Z
2026-10-06_T00019_W01,N20261006,2026-10-06,T00019,2026-10-07T03:30:00Z,2026-10-07T12:30:00Z,32400,2026-10-07T08:37:30Z,1.002216,1.224269,0.99984,0.998734,R00,FLEXIBLE,450,2026-10-19T12:30:00Z
2026-10-06_T00020_W01,N20261006,2026-10-06,T00020,2026-10-07T04:30:00Z,2026-10-07T12:30:00Z,28800,2026-10-07T09:07:30Z,1.003109,1.201692,0.999797,0.998569,R00,FLEXIBLE,450,2026-10-19T12:30:00Z
2026-10-06_T00021_W01,N20261006,2026-10-06,T00021,2026-10-07T02:00:00Z,2026-10-07T12:30:00Z,37800,2026-10-07T07:22:30Z,1.076711,1.310616,0.999854,0.998651,R00,FLEXIBLE,900,2026-10-19T12:30:00Z
2026-10-06_T00022_W01,N20261006,2026-10-06,T00022,2026-10-07T05:00:00Z,2026-10-07T12:00:00Z,25200,2026-10-07T08:22:30Z,1.214765,1.441051,0.999919,0.999348,R00,FLEXIBLE,1200,2026-10-19T12:30:00Z
2026-10-06_T00023_W01,N20261006,2026-10-06,T00023,2026-10-07T04:30:00Z,2026-10-07T11:45:00Z,26100,2026-10-07T08:07:30Z,1.1813,1.414367,0.999951,0.999515,R00,FLEXIBLE,600,2026-10-19T12:30:00Z
2026-10-06_T00024_W01,N20261006,2026-10-06,T00024,2026-10-07T03:00:00Z,2026-10-07T12:30:00Z,34200,2026-10-07T08:22:30Z,1.059961,1.260067,0.999816,0.998463,R00,FLEXIBLE,600,2026-10-19T12:30:00Z
2026-10-06_T00026_W01,N20261006,2026-10-06,T00026,2026-10-07T06:00:00Z,2026-10-07T12:30:00Z,23400,2026-10-07T10:37:30Z,1.000768,1.188191,0.999562,0.997495,R01,REQUIRED,600,2026-10-19T12:30:00Z
2026-10-06_T00027_W01,N20261006,2026-10-06,T00027,2026-10-07T04:00:00Z,2026-10-07T12:30:00Z,30600,2026-10-07T09:22:30Z,1.07999,1.27144,0.999719,0.997894,R01,FLEXIBLE,450,2026-10-19T12:30:00Z
2026-10-06_T00028_W01,N20261006,2026-10-06,T00028,2026-10-07T06:30:00Z,2026-10-07T12:30:00Z,21600,2026-10-07T09:52:30Z,1.235379,1.404496,0.999714,0.998489,R01,FLEXIBLE,900,2026-10-19T12:30:00Z
2026-10-06_T00029_W01,N20261006,2026-10-06,T00029,2026-10-07T05:15:00Z,2026-10-07T12:30:00Z,26100,2026-10-07T09:52:30Z,1.005116,1.188818,0.999719,0.998206,R01,FLEXIBLE,900,2026-10-19T12:30:00Z
2026-10-06_T00030_W01,N20261006,2026-10-06,T00030,2026-10-07T07:00:00Z,2026-10-07T12:30:00Z,19800,2026-10-07T12:07:30Z,1.005038,1.260587,0.999134,0.995807,R01,FLEXIBLE,900,2026-10-19T12:30:00Z
2026-10-06_T00031_W01,N20261006,2026-10-06,T00031,2026-10-07T07:30:00Z,2026-10-07T12:30:00Z,18000,2026-10-07T11:52:30Z,1.033993,1.259543,0.999129,0.996167,R01,FLEXIBLE,450,2026-10-19T12:30:00Z
2026-10-06_T00032_W01,N20261006,2026-10-06,T00032,2026-10-07T05:45:00Z,2026-10-07T12:30:00Z,24300,2026-10-07T09:37:30Z,1.105535,1.297683,0.999742,0.998469,R01,FLEXIBLE,1200,2026-10-19T12:30:00Z
2026-10-06_T00033_W01,N20261006,2026-10-06,T00033,2026-10-07T04:30:00Z,2026-10-07T12:30:00Z,28800,2026-10-07T10:07:30Z,1.106775,1.291479,0.999653,0.997553,R01,FLEXIBLE,1200,2026-10-19T12:30:00Z
2026-10-06_T00034_W01,N20261006,2026-10-06,T00034,2026-10-07T05:30:00Z,2026-10-07T12:30:00Z,25200,2026-10-07T10:07:30Z,1.000943,1.189163,0.999656,0.997878,R01,FLEXIBLE,900,2026-10-19T12:30:00Z
2026-10-06_T00035_W01,N20261006,2026-10-06,T00035,2026-10-07T07:00:00Z,2026-10-07T12:30:00Z,19800,2026-10-07T10:37:30Z,1.205869,1.379829,0.999568,0.997906,R01,FLEXIBLE,1350,2026-10-19T12:30:00Z
2026-10-06_T00036_W01,N20261006,2026-10-06,T00036,2026-10-07T04:45:00Z,2026-10-07T12:30:00Z,27900,2026-10-07T09:52:30Z,1.037,1.226171,0.999672,0.997764,R01,FLEXIBLE,450,2026-10-19T12:30:00Z
2026-10-06_T00037_W01,N20261006,2026-10-06,T00037,2026-10-07T05:45:00Z,2026-10-07T12:30:00Z,24300,2026-10-07T11:22:30Z,1.131909,1.334669,0.999445,0.996701,R01,FLEXIBLE,600,2026-10-19T12:30:00Z
2026-10-06_T00038_W01,N20261006,2026-10-06,T00038,2026-10-07T05:15:00Z,2026-10-07T12:30:00Z,26100,2026-10-07T10:22:30Z,1.019516,1.222103,0.99961,0.997509,R01,FLEXIBLE,1200,2026-10-19T12:30:00Z
2026-10-06_T00039_W01,N20261006,2026-10-06,T00039,2026-10-07T07:30:00Z,2026-10-07T12:30:00Z,18000,2026-10-07T11:52:30Z,1.033406,1.239977,0.999162,0.996311,R01,FLEXIBLE,450,2026-10-19T12:30:00Z
2026-10-06_T00040_W01,N20261006,2026-10-06,T00040,2026-10-07T07:15:00Z,2026-10-07T12:30:00Z,18900,2026-10-07T10:52:30Z,1.198972,1.360015,0.999513,0.997748,R01,FLEXIBLE,450,2026-10-19T12:30:00Z
2026-10-06_T00041_W01,N20261006,2026-10-06,T00041,2026-10-07T04:15:00Z,2026-10-07T12:30:00Z,29700,2026-10-07T09:37:30Z,1.05276,1.239759,0.999718,0.997951,R01,FLEXIBLE,1350,2026-10-19T12:30:00Z
2026-10-06_T00042_W01,N20261006,2026-10-06,T00042,2026-10-07T07:15:00Z,2026-10-07T12:30:00Z,18900,2026-10-07T11:52:30Z,1.008811,1.257508,0.999132,0.995989,R01,FLEXIBLE,1350,2026-10-19T12:30:00Z
2026-10-06_T00043_W01,N20261006,2026-10-06,T00043,2026-10-07T07:30:00Z,2026-10-07T12:30:00Z,18000,2026-10-07T12:07:30Z,1.001149,1.226555,0.999024,0.995708,R01,FLEXIBLE,900,2026-10-19T12:30:00Z
2026-10-06_T00044_W01,N20261006,2026-10-06,T00044,2026-10-07T05:45:00Z,2026-10-07T12:30:00Z,24300,2026-10-07T10:07:30Z,1.018458,1.193801,0.999676,0.998076,R01,FLEXIBLE,1200,2026-10-19T12:30:00Z
2026-10-06_T00045_W01,N20261006,2026-10-06,T00045,2026-10-07T06:30:00Z,2026-10-07T12:30:00Z,21600,2026-10-07T09:52:30Z,1.245294,1.422443,0.999705,0.998441,R01,FLEXIBLE,600,2026-10-19T12:30:00Z
2026-10-06_T00046_W01,N20261006,2026-10-06,T00046,2026-10-07T05:00:00Z,2026-10-07T12:30:00Z,27000,2026-10-07T09:52:30Z,1.000043,1.193989,0.999714,0.998111,R01,FLEXIBLE,600,2026-10-19T12:30:00Z
2026-10-06_T00047_W01,N20261006,2026-10-06,T00047,2026-10-07T07:00:00Z,2026-10-07T12:30:00Z,19800,2026-10-07T10:37:30Z,1.166019,1.320047,0.999573,0.99793,R01,FLEXIBLE,600,2026-10-19T12:30:00Z
2026-10-06_T00048_W01,N20261006,2026-10-06,T00048,2026-10-07T06:15:00Z,2026-10-07T12:30:00Z,22500,2026-10-07T10:37:30Z,1.052413,1.246261,0.9996,0.997802,R01,FLEXIBLE,900,2026-10-19T12:30:00Z
2026-10-06_T00050_W01,N20261006,2026-10-06,T00050,2026-10-07T10:30:00Z,2026-10-07T12:30:00Z,7200,2026-10-07T12:22:30Z,1.270004,1.53094,0.993816,0.989108,R02,REQUIRED,450,2026-10-19T12:30:00Z
2026-10-06_T00051_W01,N20261006,2026-10-06,T00051,2026-10-07T08:15:00Z,2026-10-07T12:30:00Z,15300,2026-10-07T12:22:30Z,1.016198,1.279219,0.998532,0.994509,R02,FLEXIBLE,900,2026-10-19T12:30:00Z
2026-10-06_T00052_W01,N20261006,2026-10-06,T00052,2026-10-07T09:30:00Z,2026-10-07T12:30:00Z,10800,2026-10-07T12:22:30Z,1.164076,1.483501,0.99669,0.99125,R02,FLEXIBLE,1200,2026-10-19T12:30:00Z
2026-10-06_T00053_W01,N20261006,2026-10-06,T00053,2026-10-07T10:45:00Z,2026-10-07T12:30:00Z,6300,2026-10-07T12:22:30Z,1.320377,1.550708,0.99311,0.989121,R02,FLEXIBLE,600,2026-10-19T12:30:00Z
2026-10-06_T00054_W01,N20261006,2026-10-06,T00054,2026-10-07T08:30:00Z,2026-10-07T12:30:00Z,14400,2026-10-07T12:22:30Z,1.104928,1.362231,0.998605,0.995086,R02,FLEXIBLE,600,2026-10-19T12:30:00Z
2026-10-06_T00055_W01,N20261006,2026-10-06,T00055,2026-10-07T08:15:00Z,2026-10-07T12:30:00Z,15300,2026-10-07T12:22:30Z,1.021,1.332266,0.998294,0.993621,R02,FLEXIBLE,900,2026-10-19T12:30:00Z
2026-10-06_T00056_W01,N20261006,2026-10-06,T00056,2026-10-07T08:45:00Z,2026-10-07T12:30:00Z,13500,2026-10-07T12:22:30Z,1.239516,1.51981,0.99825,0.994212,R02,FLEXIBLE,900,2026-10-19T12:30:00Z
2026-10-06_T00057_W01,N20261006,2026-10-06,T00057,2026-10-07T10:00:00Z,2026-10-07T12:30:00Z,9000,2026-10-07T12:22:30Z,1.187096,1.464188,0.995558,0.990217,R02,FLEXIBLE,1350,2026-10-19T12:30:00Z
2026-10-06_T00058_W01,N20261006,2026-10-06,T00058,2026-10-07T09:15:00Z,2026-10-07T12:30:00Z,11700,2026-10-07T12:22:30Z,1.06036,1.344716,0.997127,0.991785,R02,FLEXIBLE,1200,2026-10-19T12:30:00Z
2026-10-06_T00059_W01,N20261006,2026-10-06,T00059,2026-10-07T10:00:00Z,2026-10-07T12:30:00Z,9000,2026-10-07T12:22:30Z,1.136391,1.409253,0.995171,0.989379,R02,FLEXIBLE,1350,2026-10-19T12:30:00Z
2026-10-06_T00060_W01,N20261006,2026-10-06,T00060,2026-10-07T08:00:00Z,2026-10-07T12:30:00Z,16200,2026-10-07T12:22:30Z,1.002272,1.254562,0.998668,0.994727,R02,FLEXIBLE,600,2026-10-19T12:30:00Z
2026-10-06_T00061_W01,N20261006,2026-10-06,T00061,2026-10-07T10:45:00Z,2026-10-07T12:30:00Z,6300,2026-10-07T12:22:30Z,1.381523,1.608421,0.99412,0.990708,R02,FLEXIBLE,450,2026-10-19T12:30:00Z
2026-10-06_T00062_W01,N20261006,2026-10-06,T00062,2026-10-07T09:45:00Z,2026-10-07T12:30:00Z,9900,2026-10-07T12:22:30Z,1.144428,1.463765,0.995716,0.989631,R02,FLEXIBLE,450,2026-10-19T12:30:00Z
2026-10-06_T00063_W01,N20261006,2026-10-06,T00063,2026-10-07T09:30:00Z,2026-10-07T12:30:00Z,10800,2026-10-07T12:22:30Z,1.221002,1.516376,0.99714,0.992434,R02,FLEXIBLE,600,2026-10-19T12:30:00Z
2026-10-06_T00064_W01,N20261006,2026-10-06,T00064,2026-10-07T09:00:00Z,2026-10-07T12:30:00Z,12600,2026-10-07T12:22:30Z,1.123637,1.405143,0.998041,0.993962,R02,FLEXIBLE,1350,2026-10-19T12:30:00Z
2026-10-06_T00065_W01,N20261006,2026-10-06,T00065,2026-10-07T08:45:00Z,2026-10-07T12:30:00Z,13500,2026-10-07T12:22:30Z,1.12761,1.3853,0.998434,0.994828,R02,FLEXIBLE,1200,2026-10-19T12:30:00Z
2026-10-06_T00066_W01,N20261006,2026-10-06,T00066,2026-10-07T10:00:00Z,2026-10-07T12:30:00Z,9000,2026-10-07T12:22:30Z,1.265552,1.539497,0.996538,0.992372,R02,FLEXIBLE,1200,2026-10-19T12:30:00Z
2026-10-06_T00067_W01,N20261006,2026-10-06,T00067,2026-10-07T09:45:00Z,2026-10-07T12:30:00Z,9900,2026-10-07T12:22:30Z,1.137398,1.398323,0.996611,0.991795,R02,FLEXIBLE,600,2026-10-19T12:30:00Z
2026-10-06_T00068_W01,N20261006,2026-10-06,T00068,2026-10-07T08:30:00Z,2026-10-07T12:30:00Z,14400,2026-10-07T12:22:30Z,1.060249,1.344661,0.998399,0.994365,R02,FLEXIBLE,900,2026-10-19T12:30:00Z
2026-10-06_T00069_W01,N20261006,2026-10-06,T00069,2026-10-07T08:15:00Z,2026-10-07T12:30:00Z,15300,2026-10-07T12:22:30Z,1.049049,1.357688,0.998309,0.993674,R02,FLEXIBLE,1200,2026-10-19T12:30:00Z
2026-10-06_T00070_W01,N20261006,2026-10-06,T00070,2026-10-07T08:00:00Z,2026-10-07T12:30:00Z,16200,2026-10-07T12:22:30Z,1.062223,1.368187,0.998522,0.994144,R02,FLEXIBLE,600,2026-10-19T12:30:00Z
2026-10-06_T00071_W01,N20261006,2026-10-06,T00071,2026-10-07T08:45:00Z,2026-10-07T12:30:00Z,13500,2026-10-07T12:22:30Z,1.031848,1.297788,0.998045,0.993551,R02,FLEXIBLE,900,2026-10-19T12:30:00Z
2026-10-06_T00072_W01,N20261006,2026-10-06,T00072,2026-10-07T09:00:00Z,2026-10-07T12:30:00Z,12600,2026-10-07T12:22:30Z,1.047113,1.314141,0.997743,0.993049,R02,FLEXIBLE,1350,2026-10-19T12:30:00Z
2026-10-06_T00076_W01,N20261006,2026-10-06,T00076,2026-10-07T12:00:00Z,2026-10-07T12:30:00Z,1800,2026-10-07T12:22:30Z,1.716526,1.781103,0.987171,0.986383,R03,FLEXIBLE,600,2026-10-19T12:30:00Z
2026-10-06_T00077_W01,N20261006,2026-10-06,T00077,2026-10-07T11:45:00Z,2026-10-07T12:30:00Z,2700,2026-10-07T12:22:30Z,1.576278,1.700331,0.983416,0.98124,R03,FLEXIBLE,1350,2026-10-19T12:30:00Z
2026-10-06_T00078_W01,N20261006,2026-10-06,T00078,2026-10-07T12:00:00Z,2026-10-07T12:30:00Z,1800,2026-10-07T12:22:30Z,1.733784,1.807933,0.979648,0.978418,R03,FLEXIBLE,450,2026-10-19T12:30:00Z
2026-10-06_T00080_W01,N20261006,2026-10-06,T00080,2026-10-07T11:15:00Z,2026-10-07T12:30:00Z,4500,2026-10-07T12:22:30Z,1.458125,1.687802,0.986361,0.982107,R03,FLEXIBLE,1350,2026-10-19T12:30:00Z
2026-10-06_T00083_W01,N20261006,2026-10-06,T00083,2026-10-07T12:00:00Z,2026-10-07T12:30:00Z,1800,2026-10-07T12:22:30Z,1.795417,1.877606,0.979334,0.978079,R03,FLEXIBLE,1200,2026-10-19T12:30:00Z
2026-10-06_T00085_W01,N20261006,2026-10-06,T00085,2026-10-07T10:30:00Z,2026-10-07T12:30:00Z,7200,2026-10-07T12:22:30Z,1.276828,1.547115,0.993451,0.988457,R03,FLEXIBLE,1200,2026-10-19T12:30:00Z
2026-10-06_T00092_W01,N20261006,2026-10-06,T00092,2026-10-07T10:45:00Z,2026-10-07T12:30:00Z,6300,2026-10-07T12:22:30Z,1.392166,1.624628,0.994014,0.990529,R03,FLEXIBLE,1200,2026-10-19T12:30:00Z
2026-10-06_T00096_W01,N20261006,2026-10-06,T00096,2026-10-07T12:00:00Z,2026-10-07T12:30:00Z,1800,2026-10-07T12:22:30Z,1.729831,1.798546,0.983613,0.982614,R03,FLEXIBLE,900,2026-10-19T12:30:00Z
2026-10-06_T00121_W01,N20261006,2026-10-06,T00121,2026-10-07T02:00:00Z,2026-10-07T02:30:00Z,1800,2026-10-07T02:07:30Z,1.697239,1.768588,1.0,1.0,R05,REQUIRED,900,2026-10-11T12:30:00Z
2026-10-06_T00122_W01,N20261006,2026-10-06,T00122,2026-10-07T02:00:00Z,2026-10-07T03:15:00Z,4500,2026-10-07T02:07:30Z,1.615404,1.787199,1.0,1.0,R05,REQUIRED,1200,2026-10-19T12:30:00Z
2026-10-06_T00123_W01,N20261006,2026-10-06,T00123,2026-10-07T02:00:00Z,2026-10-07T02:30:00Z,1800,2026-10-07T02:07:30Z,1.799788,1.882008,1.0,1.0,R05,FLEXIBLE,900,2026-10-19T12:30:00Z
2026-10-06_T00125_W01,N20261006,2026-10-06,T00125,2026-10-07T02:00:00Z,2026-10-07T03:30:00Z,5400,2026-10-07T02:07:30Z,1.383741,1.643981,1.0,1.0,R05,FLEXIBLE,900,2026-10-19T12:30:00Z
2026-10-06_T00126_W01,N20261006,2026-10-06,T00126,2026-10-07T02:00:00Z,2026-10-07T03:15:00Z,4500,2026-10-07T02:07:30Z,1.459465,1.683415,1.0,1.0,R05,FLEXIBLE,450,2026-10-19T12:30:00Z
2026-10-06_T00127_W01,N20261006,2026-10-06,T00127,2026-10-07T02:00:00Z,2026-10-07T03:30:00Z,5400,2026-10-07T02:07:30Z,1.371488,1.622052,1.0,1.0,R05,FLEXIBLE,600,2026-10-19T12:30:00Z
2026-10-06_T00128_W01,N20261006,2026-10-06,T00128,2026-10-07T02:00:00Z,2026-10-07T04:30:00Z,9000,2026-10-07T02:07:30Z,1.163117,1.470033,1.0,1.0,R05,FLEXIBLE,1200,2026-10-19T12:30:00Z
2026-10-06_T00129_W01,N20261006,2026-10-06,T00129,2026-10-07T02:00:00Z,2026-10-07T02:45:00Z,2700,2026-10-07T02:07:30Z,1.61643,1.745866,1.0,1.0,R05,FLEXIBLE,1350,2026-10-19T12:30:00Z
2026-10-06_T00130_W01,N20261006,2026-10-06,T00130,2026-10-07T02:00:00Z,2026-10-07T03:30:00Z,5400,2026-10-07T02:07:30Z,1.357179,1.586034,1.0,1.0,R05,FLEXIBLE,1200,2026-10-19T12:30:00Z
2026-10-06_T00132_W01,N20261006,2026-10-06,T00132,2026-10-07T02:00:00Z,2026-10-07T03:30:00Z,5400,2026-10-07T02:07:30Z,1.560142,1.755067,1.0,1.0,R05,FLEXIBLE,1350,2026-10-19T12:30:00Z
2026-10-06_T00133_W01,N20261006,2026-10-06,T00133,2026-10-07T02:00:00Z,2026-10-07T03:15:00Z,4500,2026-10-07T02:07:30Z,1.396127,1.595733,1.0,1.0,R05,FLEXIBLE,1350,2026-10-19T12:30:00Z
2026-10-06_T00134_W01,N20261006,2026-10-06,T00134,2026-10-07T02:00:00Z,2026-10-07T05:00:00Z,10800,2026-10-07T02:07:30Z,1.120249,1.415561,1.0,1.0,R05,FLEXIBLE,1200,2026-10-19T12:30:00Z
2026-10-06_T00135_W01,N20261006,2026-10-06,T00135,2026-10-07T02:00:00Z,2026-10-07T05:00:00Z,10800,2026-10-07T02:07:30Z,1.187559,1.480843,1.0,1.0,R05,FLEXIBLE,450,2026-10-19T12:30:00Z
2026-10-06_T00136_W01,N20261006,2026-10-06,T00136,2026-10-07T02:00:00Z,2026-10-07T02:45:00Z,2700,2026-10-07T02:07:30Z,1.698623,1.824766,1.0,1.0,R05,FLEXIBLE,600,2026-10-19T12:30:00Z
2026-10-06_T00137_W01,N20261006,2026-10-06,T00137,2026-10-07T02:00:00Z,2026-10-07T03:30:00Z,5400,2026-10-07T02:07:30Z,1.439431,1.685303,1.0,1.0,R05,FLEXIBLE,1350,2026-10-19T12:30:00Z
2026-10-06_T00138_W01,N20261006,2026-10-06,T00138,2026-10-07T02:00:00Z,2026-10-07T03:00:00Z,3600,2026-10-07T02:07:30Z,1.509558,1.670632,1.0,1.0,R05,FLEXIBLE,1350,2026-10-19T12:30:00Z
2026-10-06_T00139_W01,N20261006,2026-10-06,T00139,2026-10-07T02:00:00Z,2026-10-07T04:30:00Z,9000,2026-10-07T02:07:30Z,1.32013,1.595294,1.0,1.0,R05,FLEXIBLE,1350,2026-10-19T12:30:00Z
2026-10-06_T00140_W01,N20261006,2026-10-06,T00140,2026-10-07T02:00:00Z,2026-10-07T03:00:00Z,3600,2026-10-07T02:07:30Z,1.641825,1.783829,1.0,1.0,R05,FLEXIBLE,600,2026-10-19T12:30:00Z
2026-10-06_T00141_W01,N20261006,2026-10-06,T00141,2026-10-07T02:00:00Z,2026-10-07T03:15:00Z,4500,2026-10-07T02:07:30Z,1.454211,1.677305,1.0,1.0,R05,FLEXIBLE,450,2026-10-19T12:30:00Z
2026-10-06_T00142_W01,N20261006,2026-10-06,T00142,2026-10-07T02:00:00Z,2026-10-07T03:45:00Z,6300,2026-10-07T02:07:30Z,1.321112,1.604756,1.0,1.0,R05,FLEXIBLE,600,2026-10-19T12:30:00Z
2026-10-06_T00143_W01,N20261006,2026-10-06,T00143,2026-10-07T02:00:00Z,2026-10-07T02:45:00Z,2700,2026-10-07T02:07:30Z,1.688656,1.820514,1.0,1.0,R05,FLEXIBLE,600,2026-10-19T12:30:00Z
2026-10-06_T00144_W01,N20261006,2026-10-06,T00144,2026-10-07T02:00:00Z,2026-10-07T03:45:00Z,6300,2026-10-07T02:07:30Z,1.362332,1.620914,1.0,1.0,R05,FLEXIBLE,900,2026-10-19T12:30:00Z
2026-10-06_T00145_W01,N20261006,2026-10-06,T00145,2026-10-07T02:00:00Z,2026-10-07T06:00:00Z,14400,2026-10-07T02:07:30Z,1.020904,1.297496,1.0,1.0,R06,REQUIRED,450,2026-10-11T12:30:00Z
2026-10-06_T00146_W01,N20261006,2026-10-06,T00146,2026-10-07T02:00:00Z,2026-10-07T06:00:00Z,14400,2026-10-07T02:22:30Z,1.175596,1.381387,1.0,1.0,R06,REQUIRED,900,2026-10-19T12:30:00Z
2026-10-06_T00147_W01,N20261006,2026-10-06,T00147,2026-10-07T02:00:00Z,2026-10-07T05:30:00Z,12600,2026-10-07T02:07:30Z,1.057847,1.363709,1.0,1.0,R06,FLEXIBLE,1350,2026-10-19T12:30:00Z
2026-10-06_T00148_W01,N20261006,2026-10-06,T00148,2026-10-07T02:00:00Z,2026-10-07T08:30:00Z,23400,2026-10-07T02:52:30Z,1.105235,1.329673,1.0,1.0,R06,FLEXIBLE,450,2026-10-19T12:30:00Z
2026-10-06_T00149_W01,N20261006,2026-10-06,T00149,2026-10-07T02:00:00Z,2026-10-07T06:15:00Z,15300,2026-10-07T02:07:30Z,1.012049,1.296979,1.0,1.0,R06,FLEXIBLE,1350,2026-10-19T12:30:00Z
2026-10-06_T00150_W01,N20261006,2026-10-06,T00150,2026-10-07T02:00:00Z,2026-10-07T06:00:00Z,14400,2026-10-07T02:07:30Z,1.068203,1.344564,1.0,1.0,R06,FLEXIBLE,900,2026-10-19T12:30:00Z
2026-10-06_T00151_W01,N20261006,2026-10-06,T00151,2026-10-07T02:00:00Z,2026-10-07T06:00:00Z,14400,2026-10-07T02:37:30Z,1.192339,1.36624,1.0,1.0,R06,FLEXIBLE,1350,2026-10-19T12:30:00Z
2026-10-06_T00152_W01,N20261006,2026-10-06,T00152,2026-10-07T02:00:00Z,2026-10-07T06:00:00Z,14400,2026-10-07T02:07:30Z,1.046144,1.308242,1.0,1.0,R06,FLEXIBLE,450,2026-10-19T12:30:00Z
2026-10-06_T00153_W01,N20261006,2026-10-06,T00153,2026-10-07T02:00:00Z,2026-10-07T07:00:00Z,18000,2026-10-07T02:22:30Z,1.012326,1.270956,1.0,1.0,R06,FLEXIBLE,450,2026-10-19T12:30:00Z
2026-10-06_T00154_W01,N20261006,2026-10-06,T00154,2026-10-07T02:00:00Z,2026-10-07T06:15:00Z,15300,2026-10-07T02:37:30Z,1.134244,1.319633,1.0,1.0,R06,FLEXIBLE,1200,2026-10-19T12:30:00Z
2026-10-06_T00155_W01,N20261006,2026-10-06,T00155,2026-10-07T02:00:00Z,2026-10-07T06:00:00Z,14400,2026-10-07T02:07:30Z,1.052166,1.3374,1.0,1.0,R06,FLEXIBLE,450,2026-10-19T12:30:00Z
2026-10-06_T00156_W01,N20261006,2026-10-06,T00156,2026-10-07T02:00:00Z,2026-10-07T06:30:00Z,16200,2026-10-07T02:07:30Z,1.00679,1.299424,1.0,1.0,R06,FLEXIBLE,1200,2026-10-19T12:30:00Z
2026-10-06_T00157_W01,N20261006,2026-10-06,T00157,2026-10-07T02:00:00Z,2026-10-07T07:00:00Z,18000,2026-10-07T02:07:30Z,1.003587,1.244592,1.0,1.0,R06,FLEXIBLE,1350,2026-10-19T12:30:00Z
2026-10-06_T00158_W01,N20261006,2026-10-06,T00158,2026-10-07T02:00:00Z,2026-10-07T08:45:00Z,24300,2026-10-07T03:07:30Z,1.190483,1.386385,1.0,1.0,R06,FLEXIBLE,1350,2026-10-19T12:30:00Z
2026-10-06_T00159_W01,N20261006,2026-10-06,T00159,2026-10-07T02:00:00Z,2026-10-07T07:30:00Z,19800,2026-10-07T03:07:30Z,1.045505,1.255553,1.0,1.0,R06,FLEXIBLE,1350,2026-10-19T12:30:00Z
2026-10-06_T00160_W01,N20261006,2026-10-06,T00160,2026-10-07T02:00:00Z,2026-10-07T05:45:00Z,13500,2026-10-07T02:07:30Z,1.087475,1.379188,1.0,1.0,R06,FLEXIBLE,600,2026-10-19T12:30:00Z
2026-10-06_T00161_W01,N20261006,2026-10-06,T00161,2026-10-07T02:00:00Z,2026-10-07T07:15:00Z,18900,2026-10-07T02:52:30Z,1.049422,1.262261,1.0,1.0,R06,FLEXIBLE,1350,2026-10-19T12:30:00Z
2026-10-06_T00162_W01,N20261006,2026-10-06,T00162,2026-10-07T02:00:00Z,2026-10-07T07:15:00Z,18900,2026-10-07T02:52:30Z,1.019526,1.239889,1.0,1.0,R06,FLEXIBLE,450,2026-10-19T12:30:00Z
2026-10-06_T00163_W01,N20261006,2026-10-06,T00163,2026-10-07T02:00:00Z,2026-10-07T07:00:00Z,18000,2026-10-07T02:07:30Z,1.09981,1.360952,1.0,1.0,R06,FLEXIBLE,1350,2026-10-19T12:30:00Z
2026-10-06_T00164_W01,N20261006,2026-10-06,T00164,2026-10-07T02:00:00Z,2026-10-07T04:45:00Z,9900,2026-10-07T02:07:30Z,1.159305,1.412713,1.0,1.0,R06,FLEXIBLE,1350,2026-10-19T12:30:00Z
2026-10-06_T00165_W01,N20261006,2026-10-06,T00165,2026-10-07T02:00:00Z,2026-10-07T06:30:00Z,16200,2026-10-07T02:07:30Z,1.03666,1.293844,1.0,1.0,R06,FLEXIBLE,900,2026-10-19T12:30:00Z
2026-10-06_T00166_W01,N20261006,2026-10-06,T00166,2026-10-07T02:00:00Z,2026-10-07T05:15:00Z,11700,2026-10-07T02:07:30Z,1.122552,1.419782,1.0,1.0,R06,FLEXIBLE,600,2026-10-19T12:30:00Z
2026-10-06_T00167_W01,N20261006,2026-10-06,T00167,2026-10-07T02:00:00Z,2026-10-07T05:30:00Z,12600,2026-10-07T02:07:30Z,1.183975,1.42662,1.0,1.0,R06,FLEXIBLE,900,2026-10-19T12:30:00Z
2026-10-06_T00168_W01,N20261006,2026-10-06,T00168,2026-10-07T02:00:00Z,2026-10-07T08:30:00Z,23400,2026-10-07T03:07:30Z,1.061899,1.281374,1.0,1.0,R06,FLEXIBLE,900,2026-10-19T12:30:00Z
2026-10-06_T00169_W01,N20261006,2026-10-06,T00169,2026-10-07T02:00:00Z,2026-10-07T07:15:00Z,18900,2026-10-07T03:52:30Z,1.215024,1.369768,1.0,1.0,R07,REQUIRED,900,2026-10-11T12:30:00Z
2026-10-06_T00170_W01,N20261006,2026-10-06,T00170,2026-10-07T02:15:00Z,2026-10-07T10:15:00Z,28800,2026-10-07T06:07:30Z,1.102863,1.356954,1.0,1.0,R07,REQUIRED,450,2026-10-19T12:30:00Z
2026-10-06_T00171_W01,N20261006,2026-10-06,T00171,2026-10-07T02:00:00Z,2026-10-07T10:00:00Z,28800,2026-10-07T04:37:30Z,1.048205,1.249316,1.0,1.0,R07,FLEXIBLE,1350,2026-10-19T12:30:00Z
2026-10-06_T00172_W01,N20261006,2026-10-06,T00172,2026-10-07T02:00:00Z,2026-10-07T09:45:00Z,27900,2026-10-07T04:22:30Z,1.049031,1.246395,1.0,1.0,R07,FLEXIBLE,450,2026-10-19T12:30:00Z
2026-10-06_T00173_W01,N20261006,2026-10-06,T00173,2026-10-07T02:00:00Z,2026-10-07T10:00:00Z,28800,2026-10-07T04:52:30Z,1.04021,1.222936,1.0,1.0,R07,FLEXIBLE,600,2026-10-19T12:30:00Z
2026-10-06_T00174_W01,N20261006,2026-10-06,T00174,2026-10-07T02:00:00Z,2026-10-07T11:00:00Z,32400,2026-10-07T05:22:30Z,1.120523,1.308988,0.999988,0.999688,R07,FLEXIBLE,1350,2026-10-19T12:30:00Z
2026-10-06_T00175_W01,N20261006,2026-10-06,T00175,2026-10-07T02:00:00Z,2026-10-07T09:00:00Z,25200,2026-10-07T04:37:30Z,1.045401,1.240275,1.0,1.0,R07,FLEXIBLE,1350,2026-10-19T12:30:00Z
2026-10-06_T00176_W01,N20261006,2026-10-06,T00176,2026-10-07T02:00:00Z,2026-10-07T09:15:00Z,26100,2026-10-07T04:07:30Z,1.02662,1.208183,1.0,1.0,R07,FLEXIBLE,450,2026-10-19T12:30:00Z
2026-10-06_T00177_W01,N20261006,2026-10-06,T00177,2026-10-07T02:00:00Z,2026-10-07T10:00:00Z,28800,2026-10-07T04:52:30Z,1.021997,1.222863,1.0,1.0,R07,FLEXIBLE,900,2026-10-19T12:30:00Z
2026-10-06_T00178_W01,N20261006,2026-10-06,T00178,2026-10-07T02:00:00Z,2026-10-07T10:45:00Z,31500,2026-10-07T05:22:30Z,1.02262,1.22924,0.999997,0.99991,R07,FLEXIBLE,1200,2026-10-19T12:30:00Z
2026-10-06_T00179_W01,N20261006,2026-10-06,T00179,2026-10-07T02:00:00Z,2026-10-07T10:30:00Z,30600,2026-10-07T05:07:30Z,1.042299,1.233617,1.0,1.0,R07,FLEXIBLE,900,2026-10-19T12:30:00Z
2026-10-06_T00180_W01,N20261006,2026-10-06,T00180,2026-10-07T02:00:00Z,2026-10-07T11:00:00Z,32400,2026-10-07T05:22:30Z,1.127056,1.31667,0.999987,0.999683,R07,FLEXIBLE,450,2026-10-19T12:30:00Z
2026-10-06_T00181_W01,N20261006,2026-10-06,T00181,2026-10-07T02:00:00Z,2026-10-07T08:45:00Z,24300,2026-10-07T04:37:30Z,1.058261,1.231387,1.0,1.0,R07,FLEXIBLE,900,2026-10-19T12:30:00Z
2026-10-06_T00182_W01,N20261006,2026-10-06,T00182,2026-10-07T02:00:00Z,2026-10-07T09:45:00Z,27900,2026-10-07T05:07:30Z,1.014554,1.216822,1.0,1.0,R07,FLEXIBLE,450,2026-10-19T12:30:00Z
2026-10-06_T00183_W01,N20261006,2026-10-06,T00183,2026-10-07T02:00:00Z,2026-10-07T10:30:00Z,30600,2026-10-07T05:37:30Z,1.000515,1.208185,1.0,1.0,R07,FLEXIBLE,450,2026-10-19T12:30:00Z
2026-10-06_T00184_W01,N20261006,2026-10-06,T00184,2026-10-07T02:00:00Z,2026-10-07T08:30:00Z,23400,2026-10-07T04:07:30Z,1.034561,1.233809,1.0,1.0,R07,FLEXIBLE,600,2026-10-19T12:30:00Z
2026-10-06_T00185_W01,N20261006,2026-10-06,T00185,2026-10-07T02:00:00Z,2026-10-07T09:45:00Z,27900,2026-10-07T04:37:30Z,1.027127,1.205985,1.0,1.0,R07,FLEXIBLE,600,2026-10-19T12:30:00Z
2026-10-06_T00186_W01,N20261006,2026-10-06,T00186,2026-10-07T02:00:00Z,2026-10-07T10:30:00Z,30600,2026-10-07T05:37:30Z,1.009291,1.201711,1.0,1.0,R07,FLEXIBLE,1350,2026-10-19T12:30:00Z
2026-10-06_T00187_W01,N20261006,2026-10-06,T00187,2026-10-07T02:00:00Z,2026-10-07T11:00:00Z,32400,2026-10-07T05:37:30Z,1.073901,1.263499,0.999989,0.999729,R07,FLEXIBLE,600,2026-10-19T12:30:00Z
2026-10-06_T00188_W01,N20261006,2026-10-06,T00188,2026-10-07T02:00:00Z,2026-10-07T07:30:00Z,19800,2026-10-07T03:37:30Z,1.08762,1.26125,1.0,1.0,R07,FLEXIBLE,450,2026-10-19T12:30:00Z
2026-10-06_T00189_W01,N20261006,2026-10-06,T00189,2026-10-07T02:00:00Z,2026-10-07T09:30:00Z,27000,2026-10-07T05:07:30Z,1.029076,1.232918,1.0,1.0,R07,FLEXIBLE,600,2026-10-19T12:30:00Z
2026-10-06_T00190_W01,N20261006,2026-10-06,T00190,2026-10-07T02:00:00Z,2026-10-07T08:45:00Z,24300,2026-10-07T04:52:30Z,1.121133,1.31484,1.0,1.0,R07,FLEXIBLE,1350,2026-10-19T12:30:00Z
2026-10-06_T00191_W01,N20261006,2026-10-06,T00191,2026-10-07T02:00:00Z,2026-10-07T08:00:00Z,21600,2026-10-07T03:37:30Z,1.01719,1.196927,1.0,1.0,R07,FLEXIBLE,450,2026-10-19T12:30:00Z
2026-10-06_T00192_W01,N20261006,2026-10-06,T00192,2026-10-07T02:00:00Z,2026-10-07T10:00:00Z,28800,2026-10-07T04:37:30Z,1.067376,1.25233,1.0,1.0,R07,FLEXIBLE,900,2026-10-19T12:30:00Z
2026-10-07_T00001_W01,N20261007,2026-10-07,T00001,2026-10-08T02:00:00Z,2026-10-08T11:30:00Z,34200,2026-10-08T06:37:30Z,1.004326,1.240421,1.0,1.0,R00,REQUIRED,600,2026-10-11T12:30:00Z
2026-10-07_T00002_W01,N20261007,2026-10-07,T00002,2026-10-08T04:45:00Z,2026-10-08T12:30:00Z,27900,2026-10-08T09:07:30Z,1.038641,1.245901,0.999987,0.999822,R00,REQUIRED,450,2026-10-19T12:30:00Z
2026-10-07_T00003_W01,N20261007,2026-10-07,T00003,2026-10-08T03:15:00Z,2026-10-08T12:15:00Z,32400,2026-10-08T07:37:30Z,1.0096,1.260081,0.999996,0.999915,R00,FLEXIBLE,450,2026-10-19T12:30:00Z
2026-10-07_T00004_W01,N20261007,2026-10-07,T00004,2026-10-08T03:15:00Z,2026-10-08T12:30:00Z,33300,2026-10-08T07:52:30Z,1.001291,1.248911,0.999992,0.999864,R00,FLEXIBLE,1350,2026-10-19T12:30:00Z
2026-10-07_T00005_W01,N20261007,2026-10-07,T00005,2026-10-08T04:15:00Z,2026-10-08T12:30:00Z,29700,2026-10-08T08:52:30Z,1.003761,1.201727,0.999988,0.999822,R00,FLEXIBLE,1200,2026-10-19T12:30:00Z
2026-10-07_T00006_W01,N20261007,2026-10-07,T00006,2026-10-08T04:00:00Z,2026-10-08T11:00:00Z,25200,2026-10-08T07:37:30Z,1.20159,1.422033,1.0,1.0,R00,FLEXIBLE,450,2026-10-19T12:30:00Z
2026-10-07_T00007_W01,N20261007,2026-10-07,T00007,2026-10-08T04:30:00Z,2026-10-08T12:30:00Z,28800,2026-10-08T08:37:30Z,1.03691,1.247829,0.999989,0.999847,R00,FLEXIBLE,450,2026-10-19T12:30:00Z
2026-10-07_T00008_W01,N20261007,2026-10-07,T00008,2026-10-08T02:00:00Z,2026-10-08T12:15:00Z,36900,2026-10-08T06:52:30Z,1.039816,1.284958,0.999995,0.999875,R00,FLEXIBLE,600,2026-10-19T12:30:00Z
2026-10-07_T00009_W01,N20261007,2026-10-07,T00009,2026-10-08T03:45:00Z,2026-10-08T12:30:00Z,31500,2026-10-08T08:37:30Z,1.000471,1.220645,0.999989,0.999827,R00,FLEXIBLE,1350,2026-10-19T12:30:00Z
2026-10-07_T00010_W01,N20261007,2026-10-07,T00010,2026-10-08T03:15:00Z,2026-10-08T11:00:00Z,27900,2026-10-08T07:07:30Z,1.118188,1.360946,1.0,1.0,R00,FLEXIBLE,450,2026-10-19T12:30:00Z
2026-10-07_T00011_W01,N20261007,2026-10-07,T00011,2026-10-08T03:00:00Z,2026-10-08T10:00:00Z,25200,2026-10-08T06:37:30Z,1.198481,1.418534,1.0,1.0,R00,FLEXIBLE,450,2026-10-19T12:30:00Z
2026-10-07_T00012_W01,N20261007,2026-10-07,T00012,2026-10-08T04:30:00Z,2026-10-08T12:30:00Z,28800,2026-10-08T08:37:30Z,1.064539,1.29765,0.999989,0.999849,R00,FLEXIBLE,450,2026-10-19T12:30:00Z
2026-10-07_T00013_W01,N20261007,2026-10-07,T00013,2026-10-08T04:15:00Z,2026-10-08T11:30:00Z,26100,2026-10-08T07:52:30Z,1.167352,1.393835,1.0,1.0,R00,FLEXIBLE,1350,2026-10-19T12:30:00Z
2026-10-07_T00014_W01,N20261007,2026-10-07,T00014,2026-10-08T03:15:00Z,2026-10-08T12:30:00Z,33300,2026-10-08T08:07:30Z,1.000867,1.237473,0.99999,0.999835,R00,FLEXIBLE,450,2026-10-19T12:30:00Z
2026-10-07_T00015_W01,N20261007,2026-10-07,T00015,2026-10-08T02:00:00Z,2026-10-08T11:30:00Z,34200,2026-10-08T06:37:30Z,1.00011,1.253552,1.0,1.0,R00,FLEXIBLE,900,2026-10-19T12:30:00Z
2026-10-07_T00016_W01,N20261007,2026-10-07,T00016,2026-10-08T02:30:00Z,2026-10-08T12:15:00Z,35100,2026-10-08T07:22:30Z,1.001355,1.261287,0.999996,0.999903,R00,FLEXIBLE,1200,2026-10-19T12:30:00Z
2026-10-07_T00017_W01,N20261007,2026-10-07,T00017,2026-10-08T02:00:00Z,2026-10-08T12:15:00Z,36900,2026-10-08T06:52:30Z,1.046234,1.286244,0.999994,0.999871,R00,FLEXIBLE,900,2026-10-19T12:30:00Z
2026-10-07_T00018_W01,N20261007,2026-10-07,T00018,2026-10-08T02:00:00Z,2026-10-08T11:15:00Z,33300,2026-10-08T06:37:30Z,1.000636,1.244388,1.0,1.0,R00,FLEXIBLE,900,2026-10-19T12:30:00Z
2026-10-07_T00019_W01,N20261007,2026-10-07,T00019,2026-10-08T03:30:00Z,2026-10-08T12:30:00Z,32400,2026-10-08T08:22:30Z,1.001954,1.220675,0.999989,0.99982,R00,FLEXIBLE,450,2026-10-19T12:30:00Z
2026-10-07_T00020_W01,N20261007,2026-10-07,T00020,2026-10-08T04:30:00Z,2026-10-08T12:30:00Z,28800,2026-10-08T09:07:30Z,1.003081,1.196878,0.999986,0.999801,R00,FLEXIBLE,450,2026-10-19T12:30:00Z
2026-10-07_T00021_W01,N20261007,2026-10-07,T00021,2026-10-08T02:00:00Z,2026-10-08T12:30:00Z,37800,2026-10-08T07:22:30Z,1.076952,1.310423,0.999989,0.999791,R00,FLEXIBLE,900,2026-10-19T12:30:00Z
2026-10-07_T00022_W01,N20261007,2026-10-07,T00022,2026-10-08T05:00:00Z,2026-10-08T11:45:00Z,24300,2026-10-08T08:22:30Z,1.214431,1.420652,0.999999,0.999983,R00,FLEXIBLE,1200,2026-10-19T12:30:00Z
2026-10-07_T00023_W01,N20261007,2026-10-07,T00023,2026-10-08T04:30:00Z,2026-10-08T11:45:00Z,26100,2026-10-08T08:07:30Z,1.181315,1.414404,0.999999,0.999985,R00,FLEXIBLE,600,2026-10-19T12:30:00Z
2026-10-07_T00024_W01,N20261007,2026-10-07,T00024,2026-10-08T02:45:00Z,2026-10-08T12:30:00Z,35100,2026-10-08T08:07:30Z,1.059891,1.275981,0.999986,0.999771,R00,FLEXIBLE,600,2026-10-19T12:30:00Z
2026-10-07_T00026_W01,N20261007,2026-10-07,T00026,2026-10-08T05:45:00Z,2026-10-08T12:30:00Z,24300,2026-10-08T10:37:30Z,1.000763,1.209676,0.99997,0.999652,R01,REQUIRED,600,2026-10-19T12:30:00Z
2026-10-07_T00027_W01,N20261007,2026-10-07,T00027,2026-10-08T04:00:00Z,2026-10-08T12:30:00Z,30600,2026-10-08T09:22:30Z,1.079757,1.265884,0.999979,0.999691,R01,FLEXIBLE,450,2026-10-19T12:30:00Z
2026-10-07_T00028_W01,N20261007,2026-10-07,T00028,2026-10-08T06:30:00Z,2026-10-08T12:30:00Z,21600,2026-10-08T09:52:30Z,1.235791,1.401146,0.999979,0.999779,R01,FLEXIBLE,900,2026-10-19T12:30:00Z
2026-10-07_T00029_W01,N20261007,2026-10-07,T00029,2026-10-08T05:15:00Z,2026-10-08T12:30:00Z,26100,2026-10-08T09:52:30Z,1.005432,1.182532,0.99998,0.999751,R01,FLEXIBLE,900,2026-10-19T12:30:00Z
2026-10-07_T00030_W01,N20261007,2026-10-07,T00030,2026-10-08T07:00:00Z,2026-10-08T12:30:00Z,19800,2026-10-08T12:07:30Z,1.005305,1.248319,0.999939,0.999414,R01,FLEXIBLE,900,2026-10-19T12:30:00Z
2026-10-07_T00031_W01,N20261007,2026-10-07,T00031,2026-10-08T07:30:00Z,2026-10-08T12:30:00Z,18000,2026-10-08T11:52:30Z,1.03422,1.247154,0.999938,0.999463,R01,FLEXIBLE,450,2026-10-19T12:30:00Z
2026-10-07_T00032_W01,N20261007,2026-10-07,T00032,2026-10-08T05:45:00Z,2026-10-08T12:30:00Z,24300,2026-10-08T09:37:30Z,1.105126,1.291946,0.999982,0.999783,R01,FLEXIBLE,1200,2026-10-19T12:30:00Z
2026-10-07_T00033_W01,N20261007,2026-10-07,T00033,2026-10-08T04:30:00Z,2026-10-08T12:30:00Z,28800,2026-10-08T09:52:30Z,1.106713,1.285429,0.999974,0.999639,R01,FLEXIBLE,1200,2026-10-19T12:30:00Z
2026-10-07_T00034_W01,N20261007,2026-10-07,T00034,2026-10-08T05:30:00Z,2026-10-08T12:30:00Z,25200,2026-10-08T10:07:30Z,1.000781,1.181691,0.999976,0.999705,R01,FLEXIBLE,900,2026-10-19T12:30:00Z
2026-10-07_T00035_W01,N20261007,2026-10-07,T00035,2026-10-08T07:00:00Z,2026-10-08T12:30:00Z,19800,2026-10-08T10:37:30Z,1.206271,1.371928,0.999968,0.999695,R01,FLEXIBLE,1350,2026-10-19T12:30:00Z
2026-10-07_T00036_W01,N20261007,2026-10-07,T00036,2026-10-08T04:45:00Z,2026-10-08T12:30:00Z,27900,2026-10-08T09:52:30Z,1.036799,1.219602,0.999976,0.99968,R01,FLEXIBLE,450,2026-10-19T12:30:00Z
2026-10-07_T00037_W01,N20261007,2026-10-07,T00037,2026-10-08T05:45:00Z,2026-10-08T12:30:00Z,24300,2026-10-08T11:22:30Z,1.132092,1.326801,0.999958,0.999512,R01,FLEXIBLE,600,2026-10-19T12:30:00Z
2026-10-07_T00038_W01,N20261007,2026-10-07,T00038,2026-10-08T05:15:00Z,2026-10-08T12:30:00Z,26100,2026-10-08T10:22:30Z,1.01942,1.214064,0.999972,0.999648,R01,FLEXIBLE,1200,2026-10-19T12:30:00Z
2026-10-07_T00039_W01,N20261007,2026-10-07,T00039,2026-10-08T07:15:00Z,2026-10-08T12:30:00Z,18900,2026-10-08T11:37:30Z,1.033099,1.264718,0.999943,0.999484,R01,FLEXIBLE,450,2026-10-19T12:30:00Z
2026-10-07_T00040_W01,N20261007,2026-10-07,T00040,2026-10-08T07:15:00Z,2026-10-08T12:30:00Z,18900,2026-10-08T10:37:30Z,1.198492,1.352213,0.999964,0.999672,R01,FLEXIBLE,450,2026-10-19T12:30:00Z
2026-10-07_T00041_W01,N20261007,2026-10-07,T00041,2026-10-08T04:15:00Z,2026-10-08T12:30:00Z,29700,2026-10-08T09:22:30Z,1.052934,1.234169,0.999979,0.999703,R01,FLEXIBLE,1350,2026-10-19T12:30:00Z
2026-10-07_T00042_W01,N20261007,2026-10-07,T00042,2026-10-08T07:15:00Z,2026-10-08T12:30:00Z,18900,2026-10-08T11:52:30Z,1.008717,1.244494,0.999939,0.999442,R01,FLEXIBLE,1350,2026-10-19T12:30:00Z
2026-10-07_T00043_W01,N20261007,2026-10-07,T00043,2026-10-08T07:15:00Z,2026-10-08T12:30:00Z,18900,2026-10-08T12:07:30Z,1.001315,1.25034,0.999935,0.999403,R01,FLEXIBLE,900,2026-10-19T12:30:00Z
2026-10-07_T00044_W01,N20261007,2026-10-07,T00044,2026-10-08T05:30:00Z,2026-10-08T12:30:00Z,25200,2026-10-08T10:07:30Z,1.018692,1.214772,0.999978,0.999732,R01,FLEXIBLE,1200,2026-10-19T12:30:00Z
2026-10-07_T00045_W01,N20261007,2026-10-07,T00045,2026-10-08T06:30:00Z,2026-10-08T12:30:00Z,21600,2026-10-08T09:52:30Z,1.245247,1.418103,0.999978,0.999771,R01,FLEXIBLE,600,2026-10-19T12:30:00Z
2026-10-07_T00046_W01,N20261007,2026-10-07,T00046,2026-10-08T05:00:00Z,2026-10-08T12:30:00Z,27000,2026-10-08T09:52:30Z,1.000282,1.187164,0.99998,0.999736,R01,FLEXIBLE,600,2026-10-19T12:30:00Z
2026-10-07_T00047_W01,N20261007,2026-10-07,T00047,2026-10-08T06:45:00Z,2026-10-08T12:30:00Z,20700,2026-10-08T10:22:30Z,1.165937,1.341621,0.99997,0.999701,R01,FLEXIBLE,600,2026-10-19T12:30:00Z
2026-10-07_T00048_W01,N20261007,2026-10-07,T00048,2026-10-08T06:15:00Z,2026-10-08T12:30:00Z,22500,2026-10-08T10:22:30Z,1.052328,1.237438,0.999972,0.999692,R01,FLEXIBLE,900,2026-10-19T12:30:00Z
2026-10-07_T00050_W01,N20261007,2026-10-07,T00050,2026-10-08T10:30:00Z,2026-10-08T12:30:00Z,7200,2026-10-08T12:22:30Z,1.258511,1.507097,0.999549,0.998432,R02,REQUIRED,450,2026-10-19T12:30:00Z
2026-10-07_T00051_W01,N20261007,2026-10-07,T00051,2026-10-08T08:15:00Z,2026-10-08T12:30:00Z,15300,2026-10-08T12:22:30Z,1.015022,1.264839,0.999897,0.999236,R02,FLEXIBLE,900,2026-10-19T12:30:00Z
2026-10-07_T00052_W01,N20261007,2026-10-07,T00052,2026-10-08T09:30:00Z,2026-10-08T12:30:00Z,10800,2026-10-08T12:22:30Z,1.155914,1.463773,0.999755,0.998723,R02,FLEXIBLE,1200,2026-10-19T12:30:00Z
2026-10-07_T00053_W01,N20261007,2026-10-07,T00053,2026-10-08T10:30:00Z,2026-10-08T12:30:00Z,7200,2026-10-08T12:22:30Z,1.307733,1.584728,0.999543,0.99841,R02,FLEXIBLE,600,2026-10-19T12:30:00Z
2026-10-07_T00054_W01,N20261007,2026-10-07,T00054,2026-10-08T08:30:00Z,2026-10-08T12:30:00Z,14400,2026-10-08T12:22:30Z,1.104456,1.34677,0.999899,0.999297,R02,FLEXIBLE,600,2026-10-19T12:30:00Z
2026-10-07_T00055_W01,N20261007,2026-10-07,T00055,2026-10-08T08:15:00Z,2026-10-08T12:30:00Z,15300,2026-10-08T12:22:30Z,1.018227,1.31621,0.999879,0.999108,R02,FLEXIBLE,900,2026-10-19T12:30:00Z
2026-10-07_T00056_W01,N20261007,2026-10-07,T00056,2026-10-08T08:45:00Z,2026-10-08T12:30:00Z,13500,2026-10-08T12:22:30Z,1.234137,1.506292,0.999863,0.999108,R02,FLEXIBLE,900,2026-10-19T12:30:00Z
2026-10-07_T00057_W01,N20261007,2026-10-07,T00057,2026-10-08T09:45:00Z,2026-10-08T12:30:00Z,9900,2026-10-08T12:22:30Z,1.177495,1.493035,0.999703,0.998579,R02,FLEXIBLE,1350,2026-10-19T12:30:00Z
2026-10-07_T00058_W01,N20261007,2026-10-07,T00058,2026-10-08T09:00:00Z,2026-10-08T12:30:00Z,12600,2026-10-08T12:22:30Z,1.055105,1.373668,0.999812,0.998858,R02,FLEXIBLE,1200,2026-10-19T12:30:00Z
2026-10-07_T00059_W01,N20261007,2026-10-07,T00059,2026-10-08T09:45:00Z,2026-10-08T12:30:00Z,9900,2026-10-08T12:22:30Z,1.127678,1.440155,0.999691,0.998523,R02,FLEXIBLE,1350,2026-10-19T12:30:00Z
2026-10-07_T00060_W01,N20261007,2026-10-07,T00060,2026-10-08T07:45:00Z,2026-10-08T12:30:00Z,17100,2026-10-08T12:22:30Z,1.001398,1.279232,0.999911,0.999266,R02,FLEXIBLE,600,2026-10-19T12:30:00Z
2026-10-07_T00061_W01,N20261007,2026-10-07,T00061,2026-10-08T10:45:00Z,2026-10-08T12:30:00Z,6300,2026-10-08T12:22:30Z,1.369376,1.584978,0.999539,0.998598,R02,FLEXIBLE,450,2026-10-19T12:30:00Z
2026-10-07_T00062_W01,N20261007,2026-10-07,T00062,2026-10-08T09:45:00Z,2026-10-08T12:30:00Z,9900,2026-10-08T12:22:30Z,1.135518,1.441971,0.999695,0.998539,R02,FLEXIBLE,450,2026-10-19T12:30:00Z
2026-10-07_T00063_W01,N20261007,2026-10-07,T00063,2026-10-08T09:30:00Z,2026-10-08T12:30:00Z,10800,2026-10-08T12:22:30Z,1.212942,1.498747,0.999781,0.998856,R02,FLEXIBLE,600,2026-10-19T12:30:00Z
2026-10-07_T00064_W01,N20261007,2026-10-07,T00064,2026-10-08T09:00:00Z,2026-10-08T12:30:00Z,12600,2026-10-08T12:22:30Z,1.120816,1.387492,0.999858,0.999133,R02,FLEXIBLE,1350,2026-10-19T12:30:00Z
2026-10-07_T00065_W01,N20261007,2026-10-07,T00065,2026-10-08T08:45:00Z,2026-10-08T12:30:00Z,13500,2026-10-08T12:22:30Z,1.126447,1.369394,0.999886,0.999255,R02,FLEXIBLE,1200,2026-10-19T12:30:00Z
2026-10-07_T00066_W01,N20261007,2026-10-07,T00066,2026-10-08T10:00:00Z,2026-10-08T12:30:00Z,9000,2026-10-08T12:22:30Z,1.258206,1.518242,0.99974,0.998869,R02,FLEXIBLE,1200,2026-10-19T12:30:00Z
2026-10-07_T00067_W01,N20261007,2026-10-07,T00067,2026-10-08T09:30:00Z,2026-10-08T12:30:00Z,10800,2026-10-08T12:22:30Z,1.131255,1.428632,0.999777,0.998835,R02,FLEXIBLE,600,2026-10-19T12:30:00Z
2026-10-07_T00068_W01,N20261007,2026-10-07,T00068,2026-10-08T08:30:00Z,2026-10-08T12:30:00Z,14400,2026-10-08T12:22:30Z,1.058627,1.328167,0.999886,0.999206,R02,FLEXIBLE,900,2026-10-19T12:30:00Z
2026-10-07_T00069_W01,N20261007,2026-10-07,T00069,2026-10-08T08:15:00Z,2026-10-08T12:30:00Z,15300,2026-10-08T12:22:30Z,1.045823,1.342419,0.999878,0.9991,R02,FLEXIBLE,1200,2026-10-19T12:30:00Z
2026-10-07_T00070_W01,N20261007,2026-10-07,T00070,2026-10-08T08:00:00Z,2026-10-08T12:30:00Z,16200,2026-10-08T12:22:30Z,1.059453,1.353806,0.999892,0.999158,R02,FLEXIBLE,600,2026-10-19T12:30:00Z
2026-10-07_T00071_W01,N20261007,2026-10-07,T00071,2026-10-08T08:30:00Z,2026-10-08T12:30:00Z,14400,2026-10-08T12:22:30Z,1.029131,1.325269,0.999871,0.999102,R02,FLEXIBLE,900,2026-10-19T12:30:00Z
2026-10-07_T00072_W01,N20261007,2026-10-07,T00072,2026-10-08T08:45:00Z,2026-10-08T12:30:00Z,13500,2026-10-08T12:22:30Z,1.043601,1.342138,0.999851,0.999031,R02,FLEXIBLE,1350,2026-10-19T12:30:00Z
2026-10-07_T00076_W01,N20261007,2026-10-07,T00076,2026-10-08T11:45:00Z,2026-10-08T12:30:00Z,2700,2026-10-08T12:22:30Z,1.686089,1.817385,0.998397,0.997772,R03,FLEXIBLE,600,2026-10-19T12:30:00Z
2026-10-07_T00077_W01,N20261007,2026-10-07,T00077,2026-10-08T11:30:00Z,2026-10-08T12:30:00Z,3600,2026-10-08T12:22:30Z,1.549112,1.739186,0.998447,0.997299,R03,FLEXIBLE,1350,2026-10-19T12:30:00Z
2026-10-07_T00078_W01,N20261007,2026-10-07,T00078,2026-10-08T12:00:00Z,2026-10-08T12:30:00Z,1800,2026-10-08T12:22:30Z,1.699665,1.769918,0.997374,0.996953,R03,FLEXIBLE,450,2026-10-19T12:30:00Z
2026-10-07_T00080_W01,N20261007,2026-10-07,T00080,2026-10-08T11:15:00Z,2026-10-08T12:30:00Z,4500,2026-10-08T12:22:30Z,1.436084,1.654899,0.998851,0.997503,R03,FLEXIBLE,1350,2026-10-19T12:30:00Z
2026-10-07_T00083_W01,N20261007,2026-10-07,T00083,2026-10-08T12:00:00Z,2026-10-08T12:30:00Z,1800,2026-10-08T12:22:30Z,1.757565,1.83546,0.997255,0.996815,R03,FLEXIBLE,1200,2026-10-19T12:30:00Z
2026-10-07_T00084_W01,N20261007,2026-10-07,T00084,2026-10-08T12:15:00Z,2026-10-08T12:30:00Z,900,2026-10-08T12:22:30Z,1.948801,1.948801,0.996922,0.996922,R03,FLEXIBLE,450,2026-10-19T12:30:00Z
2026-10-07_T00085_W01,N20261007,2026-10-07,T00085,2026-10-08T10:30:00Z,2026-10-08T12:30:00Z,7200,2026-10-08T12:22:30Z,1.263536,1.523366,0.999513,0.998306,R03,FLEXIBLE,1200,2026-10-19T12:30:00Z
2026-10-07_T00092_W01,N20261007,2026-10-07,T00092,2026-10-08T10:45:00Z,2026-10-08T12:30:00Z,6300,2026-10-08T12:22:30Z,1.377434,1.601932,0.999512,0.998513,R03,FLEXIBLE,1200,2026-10-19T12:30:00Z
2026-10-07_T00096_W01,N20261007,2026-10-07,T00096,2026-10-08T11:45:00Z,2026-10-08T12:30:00Z,2700,2026-10-08T12:22:30Z,1.698214,1.838607,0.998116,0.997382,R03,FLEXIBLE,900,2026-10-19T12:30:00Z
2026-10-07_T00121_W01,N20261007,2026-10-07,T00121,2026-10-08T02:00:00Z,2026-10-08T02:30:00Z,1800,2026-10-08T02:07:30Z,1.731933,1.807177,1.0,1.0,R05,REQUIRED,900,2026-10-11T12:30:00Z
2026-10-07_T00122_W01,N20261007,2026-10-07,T00122,2026-10-08T02:00:00Z,2026-10-08T03:00:00Z,3600,2026-10-08T02:07:30Z,1.634441,1.761744,1.0,1.0,R05,REQUIRED,1200,2026-10-19T12:30:00Z
2026-10-07_T00123_W01,N20261007,2026-10-07,T00123,2026-10-08T02:00:00Z,2026-10-08T02:15:00Z,900,2026-10-08T02:07:30Z,1.839563,1.839563,1.0,1.0,R05,FLEXIBLE,900,2026-10-19T12:30:00Z
2026-10-07_T00125_W01,N20261007,2026-10-07,T00125,2026-10-08T02:00:00Z,2026-10-08T03:15:00Z,4500,2026-10-08T02:07:30Z,1.403369,1.606309,1.0,1.0,R05,FLEXIBLE,900,2026-10-19T12:30:00Z
2026-10-07_T00126_W01,N20261007,2026-10-07,T00126,2026-10-08T02:00:00Z,2026-10-08T03:00:00Z,3600,2026-10-08T02:07:30Z,1.481726,1.645605,1.0,1.0,R05,FLEXIBLE,450,2026-10-19T12:30:00Z
2026-10-07_T00127_W01,N20261007,2026-10-07,T00127,2026-10-08T02:00:00Z,2026-10-08T03:30:00Z,5400,2026-10-08T02:07:30Z,1.390632,1.653122,1.0,1.0,R05,FLEXIBLE,600,2026-10-19T12:30:00Z
2026-10-07_T00128_W01,N20261007,2026-10-07,T00128,2026-10-08T02:00:00Z,2026-10-08T04:15:00Z,8100,2026-10-08T02:07:30Z,1.173137,1.437831,1.0,1.0,R05,FLEXIBLE,1200,2026-10-19T12:30:00Z
2026-10-07_T00129_W01,N20261007,2026-10-07,T00129,2026-10-08T02:00:00Z,2026-10-08T02:45:00Z,2700,2026-10-08T02:07:30Z,1.645766,1.782255,1.0,1.0,R05,FLEXIBLE,1350,2026-10-19T12:30:00Z
2026-10-07_T00130_W01,N20261007,2026-10-07,T00130,2026-10-08T02:00:00Z,2026-10-08T03:30:00Z,5400,2026-10-08T02:07:30Z,1.374331,1.614643,1.0,1.0,R05,FLEXIBLE,1200,2026-10-19T12:30:00Z
2026-10-07_T00132_W01,N20261007,2026-10-07,T00132,2026-10-08T02:00:00Z,2026-10-08T03:15:00Z,4500,2026-10-08T02:07:30Z,1.576834,1.730883,1.0,1.0,R05,FLEXIBLE,1350,2026-10-19T12:30:00Z
2026-10-07_T00133_W01,N20261007,2026-10-07,T00133,2026-10-08T02:00:00Z,2026-10-08T03:15:00Z,4500,2026-10-08T02:07:30Z,1.416362,1.625611,1.0,1.0,R05,FLEXIBLE,1350,2026-10-19T12:30:00Z
2026-10-07_T00134_W01,N20261007,2026-10-07,T00134,2026-10-08T02:00:00Z,2026-10-08T05:00:00Z,10800,2026-10-08T02:07:30Z,1.127814,1.43477,1.0,1.0,R05,FLEXIBLE,1200,2026-10-19T12:30:00Z
2026-10-07_T00135_W01,N20261007,2026-10-07,T00135,2026-10-08T02:00:00Z,2026-10-08T05:00:00Z,10800,2026-10-08T02:07:30Z,1.195634,1.499198,1.0,1.0,R05,FLEXIBLE,450,2026-10-19T12:30:00Z
2026-10-07_T00136_W01,N20261007,2026-10-07,T00136,2026-10-08T02:00:00Z,2026-10-08T02:30:00Z,1800,2026-10-08T02:07:30Z,1.728051,1.790161,1.0,1.0,R05,FLEXIBLE,600,2026-10-19T12:30:00Z
2026-10-07_T00137_W01,N20261007,2026-10-07,T00137,2026-10-08T02:00:00Z,2026-10-08T03:15:00Z,4500,2026-10-08T02:07:30Z,1.458977,1.651815,1.0,1.0,R05,FLEXIBLE,1350,2026-10-19T12:30:00Z
2026-10-07_T00138_W01,N20261007,2026-10-07,T00138,2026-10-08T02:00:00Z,2026-10-08T03:00:00Z,3600,2026-10-08T02:07:30Z,1.532371,1.701912,1.0,1.0,R05,FLEXIBLE,1350,2026-10-19T12:30:00Z
2026-10-07_T00139_W01,N20261007,2026-10-07,T00139,2026-10-08T02:00:00Z,2026-10-08T04:15:00Z,8100,2026-10-08T02:07:30Z,1.330904,1.571467,1.0,1.0,R05,FLEXIBLE,1350,2026-10-19T12:30:00Z
2026-10-07_T00140_W01,N20261007,2026-10-07,T00140,2026-10-08T02:00:00Z,2026-10-08T03:00:00Z,3600,2026-10-08T02:07:30Z,1.663473,1.810329,1.0,1.0,R05,FLEXIBLE,600,2026-10-19T12:30:00Z
2026-10-07_T00141_W01,N20261007,2026-10-07,T00141,2026-10-08T02:00:00Z,2026-10-08T03:00:00Z,3600,2026-10-08T02:07:30Z,1.476425,1.639709,1.0,1.0,R05,FLEXIBLE,450,2026-10-19T12:30:00Z
2026-10-07_T00142_W01,N20261007,2026-10-07,T00142,2026-10-08T02:00:00Z,2026-10-08T03:30:00Z,5400,2026-10-08T02:07:30Z,1.338087,1.568386,1.0,1.0,R05,FLEXIBLE,600,2026-10-19T12:30:00Z
2026-10-07_T00143_W01,N20261007,2026-10-07,T00143,2026-10-08T02:00:00Z,2026-10-08T02:30:00Z,1800,2026-10-08T02:07:30Z,1.719216,1.784068,1.0,1.0,R05,FLEXIBLE,600,2026-10-19T12:30:00Z
2026-10-07_T00144_W01,N20261007,2026-10-07,T00144,2026-10-08T02:00:00Z,2026-10-08T03:30:00Z,5400,2026-10-08T02:07:30Z,1.377133,1.586545,1.0,1.0,R05,FLEXIBLE,900,2026-10-19T12:30:00Z
2026-10-07_T00145_W01,N20261007,2026-10-07,T00145,2026-10-08T02:00:00Z,2026-10-08T06:00:00Z,14400,2026-10-08T02:07:30Z,1.023974,1.312865,1.0,1.0,R06,REQUIRED,450,2026-10-11T12:30:00Z
2026-10-07_T00146_W01,N20261007,2026-10-07,T00146,2026-10-08T02:00:00Z,2026-10-08T06:00:00Z,14400,2026-10-08T02:22:30Z,1.17569,1.395289,1.0,1.0,R06,REQUIRED,900,2026-10-19T12:30:00Z
2026-10-07_T00147_W01,N20261007,2026-10-07,T00147,2026-10-08T02:00:00Z,2026-10-08T05:15:00Z,11700,2026-10-08T02:07:30Z,1.062479,1.334904,1.0,1.0,R06,FLEXIBLE,1350,2026-10-19T12:30:00Z
2026-10-07_T00148_W01,N20261007,2026-10-07,T00148,2026-10-08T02:00:00Z,2026-10-08T08:15:00Z,22500,2026-10-08T02:52:30Z,1.105266,1.312448,1.0,1.0,R06,FLEXIBLE,450,2026-10-19T12:30:00Z
2026-10-07_T00149_W01,N20261007,2026-10-07,T00149,2026-10-08T02:00:00Z,2026-10-08T06:15:00Z,15300,2026-10-08T02:07:30Z,1.014114,1.312983,1.0,1.0,R06,FLEXIBLE,1350,2026-10-19T12:30:00Z
2026-10-07_T00150_W01,N20261007,2026-10-07,T00150,2026-10-08T02:00:00Z,2026-10-08T06:00:00Z,14400,2026-10-08T02:07:30Z,1.071936,1.358994,1.0,1.0,R06,FLEXIBLE,900,2026-10-19T12:30:00Z
2026-10-07_T00151_W01,N20261007,2026-10-07,T00151,2026-10-08T02:00:00Z,2026-10-08T06:00:00Z,14400,2026-10-08T02:37:30Z,1.192713,1.378227,1.0,1.0,R06,FLEXIBLE,1350,2026-10-19T12:30:00Z
2026-10-07_T00152_W01,N20261007,2026-10-07,T00152,2026-10-08T02:00:00Z,2026-10-08T06:00:00Z,14400,2026-10-08T02:07:30Z,1.0478,1.324118,1.0,1.0,R06,FLEXIBLE,450,2026-10-19T12:30:00Z
2026-10-07_T00153_W01,N20261007,2026-10-07,T00153,2026-10-08T02:00:00Z,2026-10-08T06:45:00Z,17100,2026-10-08T02:22:30Z,1.012505,1.245454,1.0,1.0,R06,FLEXIBLE,450,2026-10-19T12:30:00Z
2026-10-07_T00154_W01,N20261007,2026-10-07,T00154,2026-10-08T02:00:00Z,2026-10-08T06:15:00Z,15300,2026-10-08T02:37:30Z,1.134538,1.331792,1.0,1.0,R06,FLEXIBLE,1200,2026-10-19T12:30:00Z
2026-10-07_T00155_W01,N20261007,2026-10-07,T00155,2026-10-08T02:00:00Z,2026-10-08T05:45:00Z,13500,2026-10-08T02:07:30Z,1.054205,1.309598,1.0,1.0,R06,FLEXIBLE,450,2026-10-19T12:30:00Z
2026-10-07_T00156_W01,N20261007,2026-10-07,T00156,2026-10-08T02:00:00Z,2026-10-08T06:15:00Z,15300,2026-10-08T02:07:30Z,1.008607,1.27401,1.0,1.0,R06,FLEXIBLE,1200,2026-10-19T12:30:00Z
2026-10-07_T00157_W01,N20261007,2026-10-07,T00157,2026-10-08T02:00:00Z,2026-10-08T07:00:00Z,18000,2026-10-08T02:07:30Z,1.00361,1.257014,1.0,1.0,R06,FLEXIBLE,1350,2026-10-19T12:30:00Z
2026-10-07_T00158_W01,N20261007,2026-10-07,T00158,2026-10-08T02:00:00Z,2026-10-08T08:45:00Z,24300,2026-10-08T02:52:30Z,1.190523,1.393947,1.0,1.0,R06,FLEXIBLE,1350,2026-10-19T12:30:00Z
2026-10-07_T00159_W01,N20261007,2026-10-07,T00159,2026-10-08T02:00:00Z,2026-10-08T07:15:00Z,18900,2026-10-08T03:07:30Z,1.045385,1.232105,1.0,1.0,R06,FLEXIBLE,1350,2026-10-19T12:30:00Z
2026-10-07_T00160_W01,N20261007,2026-10-07,T00160,2026-10-08T02:00:00Z,2026-10-08T05:45:00Z,13500,2026-10-08T02:07:30Z,1.09229,1.395025,1.0,1.0,R06,FLEXIBLE,600,2026-10-19T12:30:00Z
2026-10-07_T00161_W01,N20261007,2026-10-07,T00161,2026-10-08T02:00:00Z,2026-10-08T07:15:00Z,18900,2026-10-08T02:52:30Z,1.049121,1.274584,1.0,1.0,R06,FLEXIBLE,1350,2026-10-19T12:30:00Z
2026-10-07_T00162_W01,N20261007,2026-10-07,T00162,2026-10-08T02:00:00Z,2026-10-08T07:15:00Z,18900,2026-10-08T02:37:30Z,1.019632,1.252301,1.0,1.0,R06,FLEXIBLE,450,2026-10-19T12:30:00Z
2026-10-07_T00163_W01,N20261007,2026-10-07,T00163,2026-10-08T02:00:00Z,2026-10-08T07:00:00Z,18000,2026-10-08T02:07:30Z,1.101346,1.372576,1.0,1.0,R06,FLEXIBLE,1350,2026-10-19T12:30:00Z
2026-10-07_T00164_W01,N20261007,2026-10-07,T00164,2026-10-08T02:00:00Z,2026-10-08T04:45:00Z,9900,2026-10-08T02:07:30Z,1.165368,1.431766,1.0,1.0,R06,FLEXIBLE,1350,2026-10-19T12:30:00Z
2026-10-07_T00165_W01,N20261007,2026-10-07,T00165,2026-10-08T02:00:00Z,2026-10-08T06:15:00Z,15300,2026-10-08T02:07:30Z,1.036766,1.268068,1.0,1.0,R06,FLEXIBLE,900,2026-10-19T12:30:00Z
2026-10-07_T00166_W01,N20261007,2026-10-07,T00166,2026-10-08T02:00:00Z,2026-10-08T05:00:00Z,10800,2026-10-08T02:07:30Z,1.127342,1.389684,1.0,1.0,R06,FLEXIBLE,600,2026-10-19T12:30:00Z
2026-10-07_T00167_W01,N20261007,2026-10-07,T00167,2026-10-08T02:00:00Z,2026-10-08T05:15:00Z,11700,2026-10-08T02:07:30Z,1.185586,1.400185,1.0,1.0,R06,FLEXIBLE,900,2026-10-19T12:30:00Z
2026-10-07_T00168_W01,N20261007,2026-10-07,T00168,2026-10-08T02:00:00Z,2026-10-08T08:30:00Z,23400,2026-10-08T03:07:30Z,1.062081,1.290964,1.0,1.0,R06,FLEXIBLE,900,2026-10-19T12:30:00Z
2026-10-07_T00169_W01,N20261007,2026-10-07,T00169,2026-10-08T02:00:00Z,2026-10-08T07:15:00Z,18900,2026-10-08T03:52:30Z,1.21536,1.377482,1.0,1.0,R07,REQUIRED,900,2026-10-11T12:30:00Z
2026-10-07_T00170_W01,N20261007,2026-10-07,T00170,2026-10-08T02:15:00Z,2026-10-08T10:00:00Z,27900,2026-10-08T06:07:30Z,1.102525,1.335978,1.0,1.0,R07,REQUIRED,450,2026-10-19T12:30:00Z
2026-10-07_T00171_W01,N20261007,2026-10-07,T00171,2026-10-08T02:00:00Z,2026-10-08T09:45:00Z,27900,2026-10-08T04:37:30Z,1.048416,1.231713,1.0,1.0,R07,FLEXIBLE,1350,2026-10-19T12:30:00Z
2026-10-07_T00172_W01,N20261007,2026-10-07,T00172,2026-10-08T02:00:00Z,2026-10-08T09:30:00Z,27000,2026-10-08T04:22:30Z,1.049112,1.229032,1.0,1.0,R07,FLEXIBLE,450,2026-10-19T12:30:00Z
2026-10-07_T00173_W01,N20261007,2026-10-07,T00173,2026-10-08T02:00:00Z,2026-10-08T10:00:00Z,28800,2026-10-08T04:37:30Z,1.040442,1.229046,1.0,1.0,R07,FLEXIBLE,600,2026-10-19T12:30:00Z
2026-10-07_T00174_W01,N20261007,2026-10-07,T00174,2026-10-08T02:00:00Z,2026-10-08T10:45:00Z,31500,2026-10-08T05:22:30Z,1.120629,1.29445,1.0,1.0,R07,FLEXIBLE,1350,2026-10-19T12:30:00Z
2026-10-07_T00175_W01,N20261007,2026-10-07,T00175,2026-10-08T02:00:00Z,2026-10-08T08:45:00Z,24300,2026-10-08T04:37:30Z,1.045306,1.219256,1.0,1.0,R07,FLEXIBLE,1350,2026-10-19T12:30:00Z
2026-10-07_T00176_W01,N20261007,2026-10-07,T00176,2026-10-08T02:00:00Z,2026-10-08T09:15:00Z,26100,2026-10-08T04:07:30Z,1.026525,1.215469,1.0,1.0,R07,FLEXIBLE,450,2026-10-19T12:30:00Z
2026-10-07_T00177_W01,N20261007,2026-10-07,T00177,2026-10-08T02:00:00Z,2026-10-08T09:45:00Z,27900,2026-10-08T04:37:30Z,1.02176,1.204523,1.0,1.0,R07,FLEXIBLE,900,2026-10-19T12:30:00Z
2026-10-07_T00178_W01,N20261007,2026-10-07,T00178,2026-10-08T02:00:00Z,2026-10-08T10:30:00Z,30600,2026-10-08T05:22:30Z,1.022401,1.211455,1.0,1.0,R07,FLEXIBLE,1200,2026-10-19T12:30:00Z
2026-10-07_T00179_W01,N20261007,2026-10-07,T00179,2026-10-08T02:00:00Z,2026-10-08T10:30:00Z,30600,2026-10-08T05:07:30Z,1.04212,1.239189,1.0,1.0,R07,FLEXIBLE,900,2026-10-19T12:30:00Z
2026-10-07_T00180_W01,N20261007,2026-10-07,T00180,2026-10-08T02:00:00Z,2026-10-08T10:45:00Z,31500,2026-10-08T05:22:30Z,1.127281,1.302102,1.0,1.0,R07,FLEXIBLE,450,2026-10-19T12:30:00Z
2026-10-07_T00181_W01,N20261007,2026-10-07,T00181,2026-10-08T02:00:00Z,2026-10-08T08:45:00Z,24300,2026-10-08T04:37:30Z,1.058065,1.237256,1.0,1.0,R07,FLEXIBLE,900,2026-10-19T12:30:00Z
2026-10-07_T00182_W01,N20261007,2026-10-07,T00182,2026-10-08T02:00:00Z,2026-10-08T09:30:00Z,27000,2026-10-08T05:07:30Z,1.014427,1.196908,1.0,1.0,R07,FLEXIBLE,450,2026-10-19T12:30:00Z
2026-10-07_T00183_W01,N20261007,2026-10-07,T00183,2026-10-08T02:00:00Z,2026-10-08T10:30:00Z,30600,2026-10-08T05:37:30Z,1.000732,1.213257,1.0,1.0,R07,FLEXIBLE,450,2026-10-19T12:30:00Z
2026-10-07_T00184_W01,N20261007,2026-10-07,T00184,2026-10-08T02:00:00Z,2026-10-08T08:15:00Z,22500,2026-10-08T04:07:30Z,1.034872,1.211641,1.0,1.0,R07,FLEXIBLE,600,2026-10-19T12:30:00Z
2026-10-07_T00185_W01,N20261007,2026-10-07,T00185,2026-10-08T02:00:00Z,2026-10-08T09:45:00Z,27900,2026-10-08T04:37:30Z,1.027037,1.212257,1.0,1.0,R07,FLEXIBLE,600,2026-10-19T12:30:00Z
2026-10-07_T00186_W01,N20261007,2026-10-07,T00186,2026-10-08T02:00:00Z,2026-10-08T10:30:00Z,30600,2026-10-08T05:22:30Z,1.009388,1.206367,1.0,1.0,R07,FLEXIBLE,1350,2026-10-19T12:30:00Z
2026-10-07_T00187_W01,N20261007,2026-10-07,T00187,2026-10-08T02:00:00Z,2026-10-08T11:00:00Z,32400,2026-10-08T05:37:30Z,1.074023,1.267987,1.0,1.0,R07,FLEXIBLE,600,2026-10-19T12:30:00Z
2026-10-07_T00188_W01,N20261007,2026-10-07,T00188,2026-10-08T02:00:00Z,2026-10-08T07:30:00Z,19800,2026-10-08T03:37:30Z,1.087977,1.270703,1.0,1.0,R07,FLEXIBLE,450,2026-10-19T12:30:00Z
2026-10-07_T00189_W01,N20261007,2026-10-07,T00189,2026-10-08T02:00:00Z,2026-10-08T09:15:00Z,26100,2026-10-08T04:52:30Z,1.029075,1.212067,1.0,1.0,R07,FLEXIBLE,600,2026-10-19T12:30:00Z
2026-10-07_T00190_W01,N20261007,2026-10-07,T00190,2026-10-08T02:00:00Z,2026-10-08T08:30:00Z,23400,2026-10-08T04:52:30Z,1.121529,1.29378,1.0,1.0,R07,FLEXIBLE,1350,2026-10-19T12:30:00Z
2026-10-07_T00191_W01,N20261007,2026-10-07,T00191,2026-10-08T02:00:00Z,2026-10-08T08:00:00Z,21600,2026-10-08T03:37:30Z,1.017198,1.206042,1.0,1.0,R07,FLEXIBLE,450,2026-10-19T12:30:00Z
2026-10-07_T00192_W01,N20261007,2026-10-07,T00192,2026-10-08T02:00:00Z,2026-10-08T10:00:00Z,28800,2026-10-08T04:37:30Z,1.067412,1.258675,1.0,1.0,R07,FLEXIBLE,900,2026-10-19T12:30:00Z
