forecast_id,event_id,revision,issued_at_utc,condition,predicted_start_utc,predicted_end_utc,spatial_scope_type,spatial_scope_payload,severity,probability,start_uncertainty_seconds,end_uncertainty_seconds
FC000001,EV0001,1,2026-10-06T02:00:00Z,rainy,2026-10-09T00:15:00Z,2026-10-09T07:15:00Z,ALL,{},0.93146,0.731331,11700,11700
FC000002,EV0007,1,2026-10-06T02:00:00Z,cloudy,2026-10-08T11:30:00Z,2026-10-08T11:45:00Z,SKY_CAP_ICRS,"{""dec_deg"":64.647679,""ra_deg"":38.997252,""radius_deg"":46.049244}",0.848265,0.676917,9000,9000
FC000003,EV0008,1,2026-10-06T02:00:00Z,cloudy,2026-10-07T00:30:00Z,2026-10-07T06:45:00Z,REGION_SET,"{""region_ids"":[""R02"",""R05"",""R07""]}",0.735353,0.758075,4500,4500
FC000004,EV0009,1,2026-10-06T02:00:00Z,cloudy,2026-10-09T09:00:00Z,2026-10-09T10:00:00Z,SKY_CAP_ICRS,"{""dec_deg"":2.255498,""ra_deg"":330.993008,""radius_deg"":30.286871}",0.727699,0.571655,12600,12600
FC000005,EV0017,1,2026-10-06T02:00:00Z,smoggy,2026-10-07T05:15:00Z,2026-10-07T22:30:00Z,REGION_SET,"{""region_ids"":[""R00"",""R01"",""R03"",""R06""]}",1,0.821354,4500,4500
FC000006,EV0022,1,2026-10-06T02:00:00Z,rocket_launch,2026-10-08T20:15:00Z,2026-10-09T08:45:00Z,HORIZON_SECTOR,"{""azimuth_end_deg"":353.879419,""azimuth_start_deg"":318.598528,""max_altitude_deg"":70.992167,""min_altitude_deg"":0.0}",0.528511,0.719213,12600,12600
FC000007,EV0025,1,2026-10-06T02:00:00Z,cold_wave,2026-10-09T12:30:00Z,2026-10-10T09:15:00Z,ALL,{},0.653197,0.621022,12600,12600
FC000008,EV0001,2,2026-10-07T02:00:00Z,rainy,2026-10-09T04:00:00Z,2026-10-09T09:45:00Z,ALL,{},0.809378,0.708959,8100,8100
FC000009,EV0007,2,2026-10-07T02:00:00Z,cloudy,2026-10-08T08:00:00Z,2026-10-08T11:45:00Z,SKY_CAP_ICRS,"{""dec_deg"":58.201128,""ra_deg"":27.485178,""radius_deg"":42.817547}",0.782798,0.80597,5400,5400
FC000010,EV0008,2,2026-10-07T02:00:00Z,cloudy,2026-10-07T03:00:00Z,2026-10-07T07:45:00Z,REGION_SET,"{""region_ids"":[""R02"",""R05"",""R07""]}",0.933738,0.890356,900,900
FC000011,EV0009,2,2026-10-07T02:00:00Z,cloudy,2026-10-09T08:15:00Z,2026-10-09T08:30:00Z,SKY_CAP_ICRS,"{""dec_deg"":15.017707,""ra_deg"":3.582953,""radius_deg"":34.696834}",0.52342,0.710219,9000,9000
FC000012,EV0017,2,2026-10-07T02:00:00Z,smoggy,2026-10-07T04:45:00Z,2026-10-07T22:30:00Z,REGION_SET,"{""region_ids"":[""R00"",""R01"",""R03"",""R06""]}",0.877313,0.967302,900,900
FC000013,EV0022,2,2026-10-07T02:00:00Z,rocket_launch,2026-10-09T04:30:00Z,2026-10-09T09:15:00Z,HORIZON_SECTOR,"{""azimuth_end_deg"":329.602384,""azimuth_start_deg"":298.321513,""max_altitude_deg"":70.992167,""min_altitude_deg"":0.0}",0.672627,0.75059,9000,9000
FC000014,EV0025,2,2026-10-07T02:00:00Z,cold_wave,2026-10-09T05:30:00Z,2026-10-10T14:00:00Z,ALL,{},0.631693,0.694379,9000,9000
FC000015,EV0026,1,2026-10-07T02:00:00Z,cold_wave,2026-10-09T23:00:00Z,2026-10-11T15:45:00Z,ALL,{},0.685556,0.648433,11700,11700
FC000016,EV0001,3,2026-10-08T02:00:00Z,rainy,2026-10-09T04:00:00Z,2026-10-09T08:00:00Z,ALL,{},0.793419,0.777548,4500,4500
FC000017,EV0002,1,2026-10-08T02:00:00Z,rainy,2026-10-11T11:00:00Z,2026-10-11T11:45:00Z,ALL,{},0.707872,0.589252,12600,12600
FC000018,EV0007,3,2026-10-08T02:00:00Z,cloudy,2026-10-08T08:15:00Z,2026-10-08T12:15:00Z,SKY_CAP_ICRS,"{""dec_deg"":59.8498,""ra_deg"":32.271392,""radius_deg"":40.174286}",0.844015,0.969544,1800,1800
FC000019,EV0009,3,2026-10-08T02:00:00Z,cloudy,2026-10-09T08:30:00Z,2026-10-09T10:00:00Z,SKY_CAP_ICRS,"{""dec_deg"":6.403083,""ra_deg"":353.098458,""radius_deg"":30.471466}",0.723034,0.807266,5400,5400
FC000020,EV0022,3,2026-10-08T02:00:00Z,rocket_launch,2026-10-09T06:30:00Z,2026-10-09T06:45:00Z,HORIZON_SECTOR,"{""azimuth_end_deg"":339.689607,""azimuth_start_deg"":291.452216,""max_altitude_deg"":70.992167,""min_altitude_deg"":0.0}",0.49956,0.731213,5400,5400
FC000021,EV0025,3,2026-10-08T02:00:00Z,cold_wave,2026-10-09T07:45:00Z,2026-10-10T13:30:00Z,ALL,{},0.691908,0.82993,5400,5400
FC000022,EV0026,2,2026-10-08T02:00:00Z,cold_wave,2026-10-10T05:00:00Z,2026-10-11T15:00:00Z,ALL,{},0.542777,0.767363,8100,8100
FC000023,FP0002,1,2026-10-08T02:00:00Z,cloudy,2026-10-10T05:30:00Z,2026-10-10T06:30:00Z,REGION_SET,"{""region_ids"":[""R00"",""R07""]}",0.537986,0.560615,7200,7200
FC000024,FP0004,1,2026-10-08T02:00:00Z,tornado,2026-10-12T12:15:00Z,2026-10-12T18:15:00Z,ALL,{},0.462968,0.587652,7200,7200
FC000025,EV0001,4,2026-10-09T02:00:00Z,rainy,2026-10-09T02:30:00Z,2026-10-09T07:45:00Z,ALL,{},0.846167,0.938688,900,900
FC000026,EV0002,2,2026-10-09T02:00:00Z,rainy,2026-10-11T05:45:00Z,2026-10-11T08:00:00Z,ALL,{},0.4756,0.729804,9000,9000
FC000027,EV0009,4,2026-10-09T02:00:00Z,cloudy,2026-10-09T08:15:00Z,2026-10-09T09:45:00Z,SKY_CAP_ICRS,"{""dec_deg"":10.109183,""ra_deg"":353.065775,""radius_deg"":32.327391}",0.711046,0.944373,1800,1800
FC000028,EV0010,1,2026-10-09T02:00:00Z,cloudy,2026-10-12T00:00:00Z,2026-10-12T10:00:00Z,REGION_SET,"{""region_ids"":[""R04""]}",0.68962,0.665955,11700,11700
FC000029,EV0018,1,2026-10-09T02:00:00Z,smoggy,2026-10-12T06:45:00Z,2026-10-13T00:00:00Z,HORIZON_SECTOR,"{""azimuth_end_deg"":33.293851,""azimuth_start_deg"":305.45469,""max_altitude_deg"":64.613452,""min_altitude_deg"":0.0}",0.601944,0.63626,12600,12600
FC000030,EV0022,4,2026-10-09T02:00:00Z,rocket_launch,2026-10-09T05:30:00Z,2026-10-09T07:45:00Z,HORIZON_SECTOR,"{""azimuth_end_deg"":333.909981,""azimuth_start_deg"":291.007132,""max_altitude_deg"":70.992167,""min_altitude_deg"":0.0}",0.577636,0.884844,1800,1800
FC000031,EV0025,4,2026-10-09T02:00:00Z,cold_wave,2026-10-09T07:30:00Z,2026-10-10T14:00:00Z,ALL,{},0.64103,0.931797,1800,1800
FC000032,EV0026,3,2026-10-09T02:00:00Z,cold_wave,2026-10-10T02:45:00Z,2026-10-11T14:45:00Z,ALL,{},0.556176,0.759366,4500,4500
FC000033,FP0006,1,2026-10-09T02:00:00Z,rocket_launch,2026-10-12T04:00:00Z,2026-10-12T06:00:00Z,SKY_CAP_ICRS,"{""dec_deg"":-7.060208,""ra_deg"":254.377586,""radius_deg"":23.184933}",0.309634,0.49025,7200,7200
FC000034,EV0002,3,2026-10-10T02:00:00Z,rainy,2026-10-11T06:15:00Z,2026-10-11T15:15:00Z,ALL,{},0.621676,0.833312,5400,5400
FC000035,EV0003,1,2026-10-10T02:00:00Z,rainy,2026-10-12T21:45:00Z,2026-10-13T12:45:00Z,ALL,{},0.722862,0.602375,11700,11700
FC000036,EV0010,2,2026-10-10T02:00:00Z,cloudy,2026-10-12T07:00:00Z,2026-10-12T12:30:00Z,REGION_SET,"{""region_ids"":[""R04""]}",0.700166,0.719184,8100,8100
FC000037,EV0011,1,2026-10-10T02:00:00Z,cloudy,2026-10-13T16:00:00Z,2026-10-13T16:15:00Z,SKY_CAP_ICRS,"{""dec_deg"":-11.260893,""ra_deg"":222.970248,""radius_deg"":13.833239}",0.797831,0.581822,12600,12600
FC000038,EV0012,1,2026-10-10T02:00:00Z,cloudy,2026-10-12T22:30:00Z,2026-10-13T05:45:00Z,SKY_CAP_ICRS,"{""dec_deg"":-0.52842,""ra_deg"":156.788223,""radius_deg"":19.829102}",0.738387,0.577864,11700,11700
FC000039,EV0018,2,2026-10-10T02:00:00Z,smoggy,2026-10-12T11:45:00Z,2026-10-12T13:30:00Z,HORIZON_SECTOR,"{""azimuth_end_deg"":36.496311,""azimuth_start_deg"":336.016968,""max_altitude_deg"":64.613452,""min_altitude_deg"":0.0}",0.47081,0.721558,9000,9000
FC000040,EV0025,5,2026-10-10T02:00:00Z,cold_wave,2026-10-09T07:30:00Z,2026-10-10T14:00:00Z,ALL,{},0.651525,0.966364,900,900
FC000041,EV0026,4,2026-10-10T02:00:00Z,cold_wave,2026-10-10T04:00:00Z,2026-10-11T14:30:00Z,ALL,{},0.6936,0.958773,900,900
FC000042,EV0029,1,2026-10-10T02:00:00Z,tornado,2026-10-13T07:00:00Z,2026-10-13T08:30:00Z,ALL,{},1,0.625257,12600,12600
FC000043,EV0002,4,2026-10-11T02:00:00Z,rainy,2026-10-11T07:15:00Z,2026-10-11T14:45:00Z,ALL,{},0.646873,0.907662,1800,1800
FC000044,EV0003,2,2026-10-11T02:00:00Z,rainy,2026-10-13T04:15:00Z,2026-10-13T12:15:00Z,ALL,{},0.855125,0.774008,8100,8100
FC000045,EV0010,3,2026-10-11T02:00:00Z,cloudy,2026-10-12T02:00:00Z,2026-10-12T12:00:00Z,REGION_SET,"{""region_ids"":[""R04""]}",0.692716,0.799252,4500,4500
FC000046,EV0011,2,2026-10-11T02:00:00Z,cloudy,2026-10-13T11:30:00Z,2026-10-13T11:45:00Z,SKY_CAP_ICRS,"{""dec_deg"":0.691105,""ra_deg"":225.482672,""radius_deg"":1}",0.826983,0.672755,9000,9000
FC000047,EV0012,2,2026-10-11T02:00:00Z,cloudy,2026-10-13T06:45:00Z,2026-10-13T07:00:00Z,SKY_CAP_ICRS,"{""dec_deg"":9.188864,""ra_deg"":161.181829,""radius_deg"":18.1878}",0.802512,0.718842,8100,8100
FC000048,EV0014,1,2026-10-11T02:00:00Z,cloudy,2026-10-14T15:30:00Z,2026-10-14T15:45:00Z,REGION_SET,"{""region_ids"":[""R01"",""R03"",""R04"",""R07""]}",0.975277,0.546672,12600,12600
FC000049,EV0018,3,2026-10-11T02:00:00Z,smoggy,2026-10-12T07:15:00Z,2026-10-12T15:15:00Z,HORIZON_SECTOR,"{""azimuth_end_deg"":48.023531,""azimuth_start_deg"":310.619954,""max_altitude_deg"":64.613452,""min_altitude_deg"":0.0}",0.460812,0.859771,5400,5400
FC000050,EV0026,5,2026-10-11T02:00:00Z,cold_wave,2026-10-10T04:30:00Z,2026-10-11T14:15:00Z,ALL,{},0.740853,0.919248,900,900
FC000051,EV0029,2,2026-10-11T02:00:00Z,tornado,2026-10-13T10:45:00Z,2026-10-13T11:00:00Z,ALL,{},0.660735,0.657679,9000,9000
FC000052,FP0001,1,2026-10-11T02:00:00Z,cloudy,2026-10-14T10:30:00Z,2026-10-14T11:30:00Z,REGION_SET,"{""region_ids"":[""R01""]}",0.534141,0.481726,7200,7200
FC000053,EV0003,3,2026-10-12T02:00:00Z,rainy,2026-10-13T02:30:00Z,2026-10-13T09:45:00Z,ALL,{},0.8875,0.815086,4500,4500
FC000054,EV0010,4,2026-10-12T02:00:00Z,cloudy,2026-10-12T02:00:00Z,2026-10-12T10:00:00Z,REGION_SET,"{""region_ids"":[""R04""]}",0.662005,0.92696,900,900
FC000055,EV0011,3,2026-10-12T02:00:00Z,cloudy,2026-10-13T10:30:00Z,2026-10-13T15:15:00Z,SKY_CAP_ICRS,"{""dec_deg"":-5.934006,""ra_deg"":223.824589,""radius_deg"":13.43275}",0.716596,0.809017,5400,5400
FC000056,EV0012,3,2026-10-12T02:00:00Z,cloudy,2026-10-13T03:45:00Z,2026-10-13T08:45:00Z,SKY_CAP_ICRS,"{""dec_deg"":6.304033,""ra_deg"":161.629973,""radius_deg"":16.888351}",0.657946,0.802426,4500,4500
FC000057,EV0013,1,2026-10-12T02:00:00Z,cloudy,2026-10-15T16:00:00Z,2026-10-15T20:00:00Z,SKY_CAP_ICRS,"{""dec_deg"":33.291451,""ra_deg"":236.873935,""radius_deg"":31.316875}",0.86741,0.57031,13500,13500
FC000058,EV0014,2,2026-10-12T02:00:00Z,cloudy,2026-10-14T16:30:00Z,2026-10-14T16:45:00Z,REGION_SET,"{""region_ids"":[""R01"",""R03"",""R04"",""R07""]}",0.962346,0.669704,9000,9000
FC000059,EV0018,4,2026-10-12T02:00:00Z,smoggy,2026-10-12T06:45:00Z,2026-10-12T18:00:00Z,HORIZON_SECTOR,"{""azimuth_end_deg"":49.150724,""azimuth_start_deg"":313.098057,""max_altitude_deg"":64.613452,""min_altitude_deg"":0.0}",0.520621,0.851366,1800,1800
FC000060,EV0029,3,2026-10-12T02:00:00Z,tornado,2026-10-13T10:00:00Z,2026-10-13T11:15:00Z,ALL,{},0.782835,0.821096,5400,5400
FC000061,EV0003,4,2026-10-13T02:00:00Z,rainy,2026-10-13T04:00:00Z,2026-10-13T08:30:00Z,ALL,{},0.873825,0.951543,900,900
FC000062,EV0006,1,2026-10-13T02:00:00Z,rainy,2026-10-16T07:15:00Z,2026-10-16T10:45:00Z,ALL,{},0.742221,0.603527,12600,12600
FC000063,EV0011,4,2026-10-13T02:00:00Z,cloudy,2026-10-13T11:00:00Z,2026-10-13T14:00:00Z,SKY_CAP_ICRS,"{""dec_deg"":-4.79703,""ra_deg"":224.768262,""radius_deg"":13.248568}",0.697162,0.975963,1800,1800
FC000064,EV0012,4,2026-10-13T02:00:00Z,cloudy,2026-10-13T04:45:00Z,2026-10-13T08:45:00Z,SKY_CAP_ICRS,"{""dec_deg"":4.71983,""ra_deg"":163.541885,""radius_deg"":15.672336}",0.65917,0.955694,900,900
FC000065,EV0013,2,2026-10-13T02:00:00Z,cloudy,2026-10-15T09:30:00Z,2026-10-15T16:00:00Z,SKY_CAP_ICRS,"{""dec_deg"":36.243725,""ra_deg"":252.847433,""radius_deg"":16.370566}",0.662593,0.710013,9900,9900
FC000066,EV0014,3,2026-10-13T02:00:00Z,cloudy,2026-10-14T11:00:00Z,2026-10-14T20:00:00Z,REGION_SET,"{""region_ids"":[""R01"",""R03"",""R04"",""R07""]}",0.875281,0.803171,5400,5400
FC000067,EV0029,4,2026-10-13T02:00:00Z,tornado,2026-10-13T09:15:00Z,2026-10-13T12:30:00Z,ALL,{},0.809096,0.915213,1800,1800
FC000068,FP0005,1,2026-10-13T02:00:00Z,rainy,2026-10-17T09:00:00Z,2026-10-17T15:00:00Z,ALL,{},0.698316,0.580756,7200,7200
FC000069,EV0006,2,2026-10-14T02:00:00Z,rainy,2026-10-16T00:00:00Z,2026-10-16T10:30:00Z,ALL,{},0.675286,0.726715,9000,9000
FC000070,EV0013,3,2026-10-14T02:00:00Z,cloudy,2026-10-15T11:30:00Z,2026-10-15T17:00:00Z,SKY_CAP_ICRS,"{""dec_deg"":35.294701,""ra_deg"":267.161108,""radius_deg"":22.46972}",0.644701,0.749644,6300,6300
FC000071,EV0014,4,2026-10-14T02:00:00Z,cloudy,2026-10-14T11:00:00Z,2026-10-14T16:15:00Z,REGION_SET,"{""region_ids"":[""R01"",""R03"",""R04"",""R07""]}",0.925782,0.931303,1800,1800
FC000072,EV0021,1,2026-10-14T02:00:00Z,smoggy,2026-10-18T08:15:00Z,2026-10-18T19:30:00Z,HORIZON_SECTOR,"{""azimuth_end_deg"":119.704672,""azimuth_start_deg"":6.409664,""max_altitude_deg"":43.07057,""min_altitude_deg"":0.0}",1,0.483962,15300,15300
FC000073,EV0024,1,2026-10-14T02:00:00Z,rocket_launch,2026-10-17T11:15:00Z,2026-10-17T11:30:00Z,HORIZON_SECTOR,"{""azimuth_end_deg"":178.497957,""azimuth_start_deg"":78.84487,""max_altitude_deg"":43.376163,""min_altitude_deg"":0.0}",0.785736,0.565088,12600,12600
FC000074,EV0006,3,2026-10-15T02:00:00Z,rainy,2026-10-16T04:15:00Z,2026-10-16T11:00:00Z,ALL,{},0.798305,0.815091,5400,5400
FC000075,EV0013,4,2026-10-15T02:00:00Z,cloudy,2026-10-15T11:45:00Z,2026-10-15T17:30:00Z,SKY_CAP_ICRS,"{""dec_deg"":32.429658,""ra_deg"":257.874364,""radius_deg"":21.55809}",0.591746,0.901809,2700,2700
FC000076,EV0015,1,2026-10-15T02:00:00Z,cloudy,2026-10-18T11:00:00Z,2026-10-18T12:15:00Z,HORIZON_SECTOR,"{""azimuth_end_deg"":355.098067,""azimuth_start_deg"":328.907499,""max_altitude_deg"":44.160422,""min_altitude_deg"":0.0}",0.52679,0.553086,12600,12600
FC000077,EV0021,2,2026-10-15T02:00:00Z,smoggy,2026-10-17T21:15:00Z,2026-10-18T23:15:00Z,HORIZON_SECTOR,"{""azimuth_end_deg"":132.951345,""azimuth_start_deg"":12.238789,""max_altitude_deg"":43.07057,""min_altitude_deg"":0.0}",0.615083,0.618156,11700,11700
FC000078,EV0024,2,2026-10-15T02:00:00Z,rocket_launch,2026-10-17T12:30:00Z,2026-10-17T15:00:00Z,HORIZON_SECTOR,"{""azimuth_end_deg"":175.564994,""azimuth_start_deg"":110.218977,""max_altitude_deg"":43.376163,""min_altitude_deg"":0.0}",0.785777,0.737785,9000,9000
FC000079,FP0003,1,2026-10-15T02:00:00Z,smoggy,2026-10-17T08:30:00Z,2026-10-17T10:30:00Z,HORIZON_SECTOR,"{""azimuth_end_deg"":215.49866,""azimuth_start_deg"":118.882453,""max_altitude_deg"":62.730148,""min_altitude_deg"":0.0}",0.311343,0.572623,7200,7200
FC000080,EV0006,4,2026-10-16T02:00:00Z,rainy,2026-10-16T07:45:00Z,2026-10-16T10:15:00Z,ALL,{},0.806063,0.910351,1800,1800
FC000081,EV0015,2,2026-10-16T02:00:00Z,cloudy,2026-10-18T11:00:00Z,2026-10-18T14:00:00Z,HORIZON_SECTOR,"{""azimuth_end_deg"":353.954034,""azimuth_start_deg"":321.451101,""max_altitude_deg"":44.160422,""min_altitude_deg"":0.0}",0.763542,0.730373,9000,9000
FC000082,EV0016,1,2026-10-16T02:00:00Z,cloudy,2026-10-19T08:30:00Z,2026-10-19T17:00:00Z,SKY_CAP_ICRS,"{""dec_deg"":77.936238,""ra_deg"":220.36162,""radius_deg"":29.407379}",0.78658,0.597822,13500,13500
FC000083,EV0021,3,2026-10-16T02:00:00Z,smoggy,2026-10-17T23:30:00Z,2026-10-18T20:15:00Z,HORIZON_SECTOR,"{""azimuth_end_deg"":112.571522,""azimuth_start_deg"":5.522085,""max_altitude_deg"":43.07057,""min_altitude_deg"":0.0}",0.690177,0.693318,8100,8100
FC000084,EV0024,3,2026-10-16T02:00:00Z,rocket_launch,2026-10-17T10:00:00Z,2026-10-17T12:00:00Z,HORIZON_SECTOR,"{""azimuth_end_deg"":186.240621,""azimuth_start_deg"":106.111159,""max_altitude_deg"":43.376163,""min_altitude_deg"":0.0}",0.994022,0.833214,5400,5400
FC000085,EV0015,3,2026-10-17T02:00:00Z,cloudy,2026-10-18T09:00:00Z,2026-10-18T16:30:00Z,HORIZON_SECTOR,"{""azimuth_end_deg"":6.113068,""azimuth_start_deg"":318.834162,""max_altitude_deg"":44.160422,""min_altitude_deg"":0.0}",0.912891,0.73568,5400,5400
FC000086,EV0016,2,2026-10-17T02:00:00Z,cloudy,2026-10-19T12:15:00Z,2026-10-19T17:45:00Z,SKY_CAP_ICRS,"{""dec_deg"":62.271836,""ra_deg"":210.180959,""radius_deg"":31.545295}",0.530114,0.71704,9900,9900
FC000087,EV0021,4,2026-10-17T02:00:00Z,smoggy,2026-10-18T01:15:00Z,2026-10-18T20:45:00Z,HORIZON_SECTOR,"{""azimuth_end_deg"":117.762671,""azimuth_start_deg"":19.734446,""max_altitude_deg"":43.07057,""min_altitude_deg"":0.0}",0.844863,0.85005,4500,4500
FC000088,EV0024,4,2026-10-17T02:00:00Z,rocket_launch,2026-10-17T10:00:00Z,2026-10-17T11:00:00Z,HORIZON_SECTOR,"{""azimuth_end_deg"":181.024861,""azimuth_start_deg"":108.279207,""max_altitude_deg"":43.376163,""min_altitude_deg"":0.0}",0.88338,0.905814,1800,1800
FC000089,EV0015,4,2026-10-18T01:45:00Z,cloudy,2026-10-18T09:30:00Z,2026-10-18T16:45:00Z,HORIZON_SECTOR,"{""azimuth_end_deg"":0.333287,""azimuth_start_deg"":319.221722,""max_altitude_deg"":44.160422,""min_altitude_deg"":0.0}",0.877259,0.92348,1800,1800
FC000090,EV0016,3,2026-10-18T01:45:00Z,cloudy,2026-10-19T13:30:00Z,2026-10-19T17:15:00Z,SKY_CAP_ICRS,"{""dec_deg"":68.401723,""ra_deg"":200.253299,""radius_deg"":22.577503}",0.615396,0.800938,6300,6300
FC000091,EV0021,5,2026-10-18T01:45:00Z,smoggy,2026-10-18T02:00:00Z,2026-10-18T20:15:00Z,HORIZON_SECTOR,"{""azimuth_end_deg"":118.655337,""azimuth_start_deg"":20.134778,""max_altitude_deg"":43.07057,""min_altitude_deg"":0.0}",0.841642,0.952946,900,900
FC000092,EV0016,4,2026-10-19T01:45:00Z,cloudy,2026-10-19T11:15:00Z,2026-10-19T18:00:00Z,SKY_CAP_ICRS,"{""dec_deg"":66.487244,""ra_deg"":201.639595,""radius_deg"":20.969327}",0.740574,0.908728,2700,2700
