tile_id,ra_deg,dec_deg,nominal_exptime_seconds,region_id,scheduling_class,available_from_utc,available_until_utc,n_lrg,n_elg,n_qso,n_bgs
T00001,23.410134,45.582760,900,R00,REQUIRED,2026-10-14T02:00:00Z,2026-10-19T12:30:00Z,81,94,23,92
T00002,13.790491,42.372204,1350,R00,REQUIRED,2026-10-06T02:00:00Z,2026-10-19T12:30:00Z,63,95,21,80
T00003,29.181259,1.277013,450,R00,FLEXIBLE,2026-10-06T02:00:00Z,2026-10-19T12:30:00Z,64,89,21,60
T00004,12.104589,46.278008,1200,R00,FLEXIBLE,2026-10-06T02:00:00Z,2026-10-19T12:30:00Z,83,91,15,84
T00005,12.248688,24.278242,900,R00,FLEXIBLE,2026-10-06T02:00:00Z,2026-10-19T12:30:00Z,53,99,15,74
T00006,28.317727,36.356329,1200,R00,FLEXIBLE,2026-10-06T02:00:00Z,2026-10-19T12:30:00Z,58,125,12,83
T00007,7.494215,27.414591,600,R00,FLEXIBLE,2026-10-06T02:00:00Z,2026-10-19T12:30:00Z,63,96,16,86
T00008,35.442013,51.484459,600,R00,FLEXIBLE,2026-10-06T02:00:00Z,2026-10-19T12:30:00Z,46,78,14,84
T00009,38.348131,26.245501,600,R00,FLEXIBLE,2026-10-06T02:00:00Z,2026-10-19T12:30:00Z,59,91,23,36
T00010,15.504894,2.036572,450,R00,FLEXIBLE,2026-10-06T02:00:00Z,2026-10-19T12:30:00Z,52,128,7,67
T00011,14.600861,-0.333864,1200,R00,FLEXIBLE,2026-10-06T02:00:00Z,2026-10-19T12:30:00Z,66,87,22,83
T00012,28.303261,30.588289,1200,R00,FLEXIBLE,2026-10-06T02:00:00Z,2026-10-19T12:30:00Z,78,119,16,91
T00013,35.473854,55.772010,450,R00,FLEXIBLE,2026-10-06T02:00:00Z,2026-10-19T12:30:00Z,68,85,18,55
T00014,19.717177,28.738332,900,R00,FLEXIBLE,2026-10-06T02:00:00Z,2026-10-19T12:30:00Z,54,88,22,74
T00015,3.882241,22.765613,1350,R00,FLEXIBLE,2026-10-06T02:00:00Z,2026-10-19T12:30:00Z,61,81,17,83
T00016,33.859122,50.801466,600,R00,FLEXIBLE,2026-10-06T02:00:00Z,2026-10-19T12:30:00Z,54,93,7,80
T00017,6.647509,7.197488,600,R00,FLEXIBLE,2026-10-06T02:00:00Z,2026-10-19T12:30:00Z,62,68,19,66
T00018,23.614396,15.676219,900,R00,FLEXIBLE,2026-10-06T02:00:00Z,2026-10-19T12:30:00Z,66,89,15,69
T00019,4.459453,10.750245,1350,R00,FLEXIBLE,2026-10-06T02:00:00Z,2026-10-19T12:30:00Z,61,85,12,68
T00020,36.105866,26.262987,600,R00,FLEXIBLE,2026-10-06T02:00:00Z,2026-10-19T12:30:00Z,48,98,18,75
T00021,12.157130,12.617538,900,R00,FLEXIBLE,2026-10-06T02:00:00Z,2026-10-19T12:30:00Z,51,65,13,90
T00022,15.001590,14.048719,1350,R00,FLEXIBLE,2026-10-06T02:00:00Z,2026-10-19T12:30:00Z,54,93,13,59
T00023,25.743491,10.581868,450,R00,FLEXIBLE,2026-10-06T02:00:00Z,2026-10-19T12:30:00Z,59,79,15,66
T00024,3.895904,63.753936,450,R00,FLEXIBLE,2026-10-06T02:00:00Z,2026-10-19T12:30:00Z,52,94,18,73
T00025,66.140379,10.577541,450,R01,REQUIRED,2026-10-14T02:00:00Z,2026-10-19T12:30:00Z,62,55,18,64
T00026,76.979958,12.744712,450,R01,REQUIRED,2026-10-06T02:00:00Z,2026-10-19T12:30:00Z,57,88,17,68
T00027,77.775276,38.570513,1200,R01,FLEXIBLE,2026-10-06T02:00:00Z,2026-10-19T12:30:00Z,48,116,19,82
T00028,47.655381,28.251406,600,R01,FLEXIBLE,2026-10-06T02:00:00Z,2026-10-19T12:30:00Z,58,126,20,77
T00029,63.484728,39.769631,1350,R01,FLEXIBLE,2026-10-06T02:00:00Z,2026-10-19T12:30:00Z,66,103,20,74
T00030,80.601198,5.447446,900,R01,FLEXIBLE,2026-10-06T02:00:00Z,2026-10-19T12:30:00Z,80,81,18,79
T00031,86.581205,35.784166,600,R01,FLEXIBLE,2026-10-06T02:00:00Z,2026-10-19T12:30:00Z,52,83,22,75
T00032,48.879433,61.613095,900,R01,FLEXIBLE,2026-10-06T02:00:00Z,2026-10-19T12:30:00Z,52,114,20,64
T00033,80.124341,55.793342,900,R01,FLEXIBLE,2026-10-06T02:00:00Z,2026-10-19T12:30:00Z,66,112,25,80
T00034,48.846937,56.382360,450,R01,FLEXIBLE,2026-10-06T02:00:00Z,2026-10-19T12:30:00Z,62,118,17,73
T00035,75.421089,12.864206,900,R01,FLEXIBLE,2026-10-06T02:00:00Z,2026-10-19T12:30:00Z,66,80,23,69
T00036,74.018487,18.293713,450,R01,FLEXIBLE,2026-10-06T02:00:00Z,2026-10-19T12:30:00Z,77,136,23,72
T00037,69.244615,26.893174,600,R01,FLEXIBLE,2026-10-06T02:00:00Z,2026-10-19T12:30:00Z,53,91,19,93
T00038,56.112352,59.825354,1350,R01,FLEXIBLE,2026-10-06T02:00:00Z,2026-10-19T12:30:00Z,75,99,22,68
T00039,53.565136,11.896990,1200,R01,FLEXIBLE,2026-10-06T02:00:00Z,2026-10-19T12:30:00Z,56,109,22,72
T00040,71.077252,47.046173,600,R01,FLEXIBLE,2026-10-06T02:00:00Z,2026-10-19T12:30:00Z,72,121,18,80
T00041,69.734932,25.159607,1200,R01,FLEXIBLE,2026-10-06T02:00:00Z,2026-10-19T12:30:00Z,75,108,16,92
T00042,50.004355,21.666107,600,R01,FLEXIBLE,2026-10-06T02:00:00Z,2026-10-19T12:30:00Z,62,103,9,67
T00043,56.283131,13.238723,600,R01,FLEXIBLE,2026-10-06T02:00:00Z,2026-10-19T12:30:00Z,71,99,16,88
T00044,86.948022,30.470517,1350,R01,FLEXIBLE,2026-10-06T02:00:00Z,2026-10-19T12:30:00Z,65,113,18,56
T00045,70.310604,19.436518,900,R01,FLEXIBLE,2026-10-06T02:00:00Z,2026-10-19T12:30:00Z,76,76,20,67
T00046,86.724840,4.637532,1350,R01,FLEXIBLE,2026-10-06T02:00:00Z,2026-10-19T12:30:00Z,80,125,11,71
T00047,56.367508,12.959728,600,R01,FLEXIBLE,2026-10-06T02:00:00Z,2026-10-19T12:30:00Z,62,96,12,62
T00048,88.121243,41.505585,900,R01,FLEXIBLE,2026-10-06T02:00:00Z,2026-10-19T12:30:00Z,68,119,11,78
T00049,109.760016,21.036720,450,R02,REQUIRED,2026-10-14T02:00:00Z,2026-10-19T12:30:00Z,72,109,24,67
T00050,113.271542,25.640941,600,R02,REQUIRED,2026-10-06T02:00:00Z,2026-10-19T12:30:00Z,53,91,17,87
T00051,130.807347,53.667756,1350,R02,FLEXIBLE,2026-10-06T02:00:00Z,2026-10-19T12:30:00Z,41,96,15,68
T00052,123.470646,21.056420,1200,R02,FLEXIBLE,2026-10-06T02:00:00Z,2026-10-19T12:30:00Z,76,107,21,75
T00053,127.224292,2.814908,1350,R02,FLEXIBLE,2026-10-06T02:00:00Z,2026-10-19T12:30:00Z,39,136,13,78
T00054,111.461950,-4.308968,900,R02,FLEXIBLE,2026-10-06T02:00:00Z,2026-10-19T12:30:00Z,48,95,22,76
T00055,99.419455,-4.532386,1200,R02,FLEXIBLE,2026-10-06T02:00:00Z,2026-10-19T12:30:00Z,66,95,23,84
T00056,105.766062,13.853909,450,R02,FLEXIBLE,2026-10-06T02:00:00Z,2026-10-19T12:30:00Z,49,113,18,66
T00057,102.860896,25.283038,450,R02,FLEXIBLE,2026-10-06T02:00:00Z,2026-10-19T12:30:00Z,54,101,17,66
T00058,92.941157,22.424962,900,R02,FLEXIBLE,2026-10-06T02:00:00Z,2026-10-19T12:30:00Z,58,97,20,100
T00059,117.147461,64.085107,450,R02,FLEXIBLE,2026-10-06T02:00:00Z,2026-10-19T12:30:00Z,57,95,18,91
T00060,124.010994,46.675993,450,R02,FLEXIBLE,2026-10-06T02:00:00Z,2026-10-19T12:30:00Z,52,84,23,74
T00061,110.651948,46.781038,600,R02,FLEXIBLE,2026-10-06T02:00:00Z,2026-10-19T12:30:00Z,67,117,18,111
T00062,127.707803,-3.291751,1200,R02,FLEXIBLE,2026-10-06T02:00:00Z,2026-10-19T12:30:00Z,79,106,17,79
T00063,124.669400,19.764467,450,R02,FLEXIBLE,2026-10-06T02:00:00Z,2026-10-19T12:30:00Z,53,114,22,90
T00064,122.367138,-1.588859,1350,R02,FLEXIBLE,2026-10-06T02:00:00Z,2026-10-19T12:30:00Z,56,85,18,61
T00065,102.660813,15.510156,1350,R02,FLEXIBLE,2026-10-06T02:00:00Z,2026-10-19T12:30:00Z,75,138,20,52
T00066,115.864875,64.839637,1200,R02,FLEXIBLE,2026-10-06T02:00:00Z,2026-10-19T12:30:00Z,54,115,23,74
T00067,108.588930,-4.574135,900,R02,FLEXIBLE,2026-10-06T02:00:00Z,2026-10-19T12:30:00Z,61,70,13,65
T00068,95.149935,41.105167,450,R02,FLEXIBLE,2026-10-06T02:00:00Z,2026-10-19T12:30:00Z,60,97,13,85
T00069,117.734457,50.562041,900,R02,FLEXIBLE,2026-10-06T02:00:00Z,2026-10-19T12:30:00Z,47,135,21,91
T00070,105.116070,14.176321,1350,R02,FLEXIBLE,2026-10-06T02:00:00Z,2026-10-19T12:30:00Z,61,116,12,89
T00071,126.454109,56.150102,900,R02,FLEXIBLE,2026-10-06T02:00:00Z,2026-10-19T12:30:00Z,60,97,9,76
T00072,110.121142,9.562855,450,R02,FLEXIBLE,2026-10-06T02:00:00Z,2026-10-19T12:30:00Z,56,116,20,58
T00073,164.990862,12.787266,600,R03,FLEXIBLE,2026-10-06T02:00:00Z,2026-10-19T12:30:00Z,57,106,27,88
T00074,156.788805,2.304193,1350,R03,FLEXIBLE,2026-10-06T02:00:00Z,2026-10-19T12:30:00Z,50,95,11,112
T00075,177.557618,44.022208,600,R03,REQUIRED,2026-10-06T02:00:00Z,2026-10-19T12:30:00Z,57,122,17,86
T00076,169.284923,-0.256919,1200,R03,FLEXIBLE,2026-10-06T02:00:00Z,2026-10-19T12:30:00Z,58,108,15,77
T00077,158.662311,17.382196,1350,R03,REQUIRED,2026-10-06T02:00:00Z,2026-10-19T12:30:00Z,49,103,17,58
T00078,161.823087,53.802826,1350,R03,FLEXIBLE,2026-10-06T02:00:00Z,2026-10-19T12:30:00Z,80,119,26,93
T00079,142.705988,29.700920,900,R03,FLEXIBLE,2026-10-06T02:00:00Z,2026-10-19T12:30:00Z,73,97,24,56
T00080,157.217464,51.288628,900,R03,FLEXIBLE,2026-10-06T02:00:00Z,2026-10-19T12:30:00Z,85,103,26,93
T00081,176.407058,18.501308,1350,R03,FLEXIBLE,2026-10-06T02:00:00Z,2026-10-19T12:30:00Z,80,96,15,88
T00082,146.577076,54.014009,600,R03,FLEXIBLE,2026-10-06T02:00:00Z,2026-10-19T12:30:00Z,71,125,14,88
T00083,169.010119,19.698706,900,R03,FLEXIBLE,2026-10-06T02:00:00Z,2026-10-19T12:30:00Z,65,97,15,93
T00084,159.177674,20.679573,1350,R03,FLEXIBLE,2026-10-06T02:00:00Z,2026-10-19T12:30:00Z,64,89,23,83
T00085,169.891379,11.515540,600,R03,FLEXIBLE,2026-10-06T02:00:00Z,2026-10-19T12:30:00Z,54,121,21,55
T00086,157.323048,24.326374,900,R03,FLEXIBLE,2026-10-06T02:00:00Z,2026-10-19T12:30:00Z,60,76,19,84
T00087,137.090345,1.975321,1200,R03,FLEXIBLE,2026-10-06T02:00:00Z,2026-10-19T12:30:00Z,57,86,20,58
T00088,139.981928,-0.065599,1350,R03,FLEXIBLE,2026-10-06T02:00:00Z,2026-10-19T12:30:00Z,77,78,20,64
T00089,152.458154,4.707235,900,R03,FLEXIBLE,2026-10-06T02:00:00Z,2026-10-19T12:30:00Z,54,100,7,75
T00090,139.814593,14.500811,1200,R03,FLEXIBLE,2026-10-06T02:00:00Z,2026-10-19T12:30:00Z,51,80,18,73
T00091,150.103794,60.516605,900,R03,FLEXIBLE,2026-10-06T02:00:00Z,2026-10-19T12:30:00Z,57,125,18,73
T00092,149.563893,50.410496,1350,R03,FLEXIBLE,2026-10-06T02:00:00Z,2026-10-19T12:30:00Z,50,118,19,68
T00093,158.079386,3.178990,450,R03,FLEXIBLE,2026-10-06T02:00:00Z,2026-10-19T12:30:00Z,71,85,16,82
T00094,176.080624,41.514549,900,R03,FLEXIBLE,2026-10-06T02:00:00Z,2026-10-19T12:30:00Z,56,104,22,67
T00095,146.617170,7.162348,900,R03,FLEXIBLE,2026-10-06T02:00:00Z,2026-10-19T12:30:00Z,57,53,10,79
T00096,171.544832,20.252494,900,R03,FLEXIBLE,2026-10-06T02:00:00Z,2026-10-19T12:30:00Z,57,89,28,59
T00097,220.918666,12.623417,600,R04,FLEXIBLE,2026-10-06T02:00:00Z,2026-10-19T12:30:00Z,52,61,16,85
T00098,218.285067,-4.319562,1350,R04,FLEXIBLE,2026-10-06T02:00:00Z,2026-10-19T12:30:00Z,71,101,13,64
T00099,205.897077,15.222566,1200,R04,FLEXIBLE,2026-10-06T02:00:00Z,2026-10-19T12:30:00Z,54,148,19,89
T00100,198.522517,31.258372,900,R04,FLEXIBLE,2026-10-06T02:00:00Z,2026-10-19T12:30:00Z,59,50,21,91
T00101,200.402282,42.839463,600,R04,FLEXIBLE,2026-10-06T02:00:00Z,2026-10-19T12:30:00Z,62,101,22,97
T00102,212.931946,7.147841,600,R04,FLEXIBLE,2026-10-06T02:00:00Z,2026-10-19T12:30:00Z,61,91,10,73
T00103,217.150446,40.178854,600,R04,FLEXIBLE,2026-10-06T02:00:00Z,2026-10-19T12:30:00Z,53,105,18,71
T00104,191.321308,32.828106,1200,R04,FLEXIBLE,2026-10-06T02:00:00Z,2026-10-19T12:30:00Z,54,89,11,81
T00105,184.753683,34.575550,900,R04,FLEXIBLE,2026-10-06T02:00:00Z,2026-10-19T12:30:00Z,47,76,25,82
T00106,211.673194,43.613744,1350,R04,FLEXIBLE,2026-10-06T02:00:00Z,2026-10-19T12:30:00Z,52,70,13,65
T00107,201.845273,20.589551,450,R04,FLEXIBLE,2026-10-06T02:00:00Z,2026-10-19T12:30:00Z,62,58,18,73
T00108,187.235530,51.772860,1200,R04,FLEXIBLE,2026-10-06T02:00:00Z,2026-10-19T12:30:00Z,63,102,9,75
T00109,191.228411,18.183433,1200,R04,FLEXIBLE,2026-10-06T02:00:00Z,2026-10-19T12:30:00Z,64,154,9,68
T00110,195.648529,51.146515,600,R04,FLEXIBLE,2026-10-06T02:00:00Z,2026-10-19T12:30:00Z,86,95,23,65
T00111,195.325012,17.229915,600,R04,FLEXIBLE,2026-10-06T02:00:00Z,2026-10-19T12:30:00Z,50,77,18,67
T00112,217.312988,23.722099,1200,R04,FLEXIBLE,2026-10-06T02:00:00Z,2026-10-19T12:30:00Z,74,89,8,47
T00113,185.863012,51.288629,1200,R04,FLEXIBLE,2026-10-06T02:00:00Z,2026-10-19T12:30:00Z,62,62,19,84
T00114,185.917904,64.061880,1200,R04,FLEXIBLE,2026-10-06T02:00:00Z,2026-10-19T12:30:00Z,57,107,10,88
T00115,183.054467,22.452683,600,R04,FLEXIBLE,2026-10-06T02:00:00Z,2026-10-19T12:30:00Z,55,116,25,72
T00116,188.291561,3.355986,450,R04,FLEXIBLE,2026-10-06T02:00:00Z,2026-10-19T12:30:00Z,80,117,12,74
T00117,193.851428,-1.918032,900,R04,FLEXIBLE,2026-10-06T02:00:00Z,2026-10-19T12:30:00Z,46,143,14,76
T00118,216.924007,33.711139,1350,R04,FLEXIBLE,2026-10-06T02:00:00Z,2026-10-19T12:30:00Z,53,74,15,51
T00119,194.690914,16.785664,900,R04,FLEXIBLE,2026-10-06T02:00:00Z,2026-10-19T12:30:00Z,62,61,16,86
T00120,215.302627,-3.068080,450,R04,FLEXIBLE,2026-10-06T02:00:00Z,2026-10-19T12:30:00Z,45,100,17,66
T00121,256.161607,11.298184,1350,R05,REQUIRED,2026-10-06T02:00:00Z,2026-10-11T12:30:00Z,51,81,16,51
T00122,264.815896,37.758680,900,R05,REQUIRED,2026-10-06T02:00:00Z,2026-10-19T12:30:00Z,62,62,19,90
T00123,238.994599,15.191671,1200,R05,FLEXIBLE,2026-10-06T02:00:00Z,2026-10-19T12:30:00Z,65,149,19,56
T00124,266.188775,42.480024,450,R05,FLEXIBLE,2026-10-06T02:00:00Z,2026-10-19T12:30:00Z,71,126,18,60
T00125,228.603101,16.418048,1200,R05,FLEXIBLE,2026-10-06T02:00:00Z,2026-10-19T12:30:00Z,69,112,18,70
T00126,240.431600,41.801019,1200,R05,FLEXIBLE,2026-10-06T02:00:00Z,2026-10-19T12:30:00Z,61,107,19,77
T00127,241.989396,7.534921,1350,R05,FLEXIBLE,2026-10-06T02:00:00Z,2026-10-19T12:30:00Z,66,86,21,65
T00128,260.247271,1.471690,1350,R05,FLEXIBLE,2026-10-06T02:00:00Z,2026-10-19T12:30:00Z,84,99,25,98
T00129,259.411252,49.360547,450,R05,FLEXIBLE,2026-10-06T02:00:00Z,2026-10-19T12:30:00Z,59,82,23,70
T00130,252.108249,59.926600,450,R05,FLEXIBLE,2026-10-06T02:00:00Z,2026-10-19T12:30:00Z,75,116,32,81
T00131,256.346844,57.701920,1200,R05,FLEXIBLE,2026-10-06T02:00:00Z,2026-10-19T12:30:00Z,61,96,17,62
T00132,232.744698,6.227056,1200,R05,FLEXIBLE,2026-10-06T02:00:00Z,2026-10-19T12:30:00Z,73,123,12,81
T00133,228.749191,52.407534,900,R05,FLEXIBLE,2026-10-06T02:00:00Z,2026-10-19T12:30:00Z,65,121,23,95
T00134,227.553671,30.136470,450,R05,FLEXIBLE,2026-10-06T02:00:00Z,2026-10-19T12:30:00Z,62,84,20,84
T00135,232.615286,7.571259,900,R05,FLEXIBLE,2026-10-06T02:00:00Z,2026-10-19T12:30:00Z,69,109,11,74
T00136,239.335997,13.967981,450,R05,FLEXIBLE,2026-10-06T02:00:00Z,2026-10-19T12:30:00Z,57,113,22,49
T00137,244.910298,17.105357,1200,R05,FLEXIBLE,2026-10-06T02:00:00Z,2026-10-19T12:30:00Z,71,94,23,96
T00138,231.099273,13.713679,900,R05,FLEXIBLE,2026-10-06T02:00:00Z,2026-10-19T12:30:00Z,58,97,16,69
T00139,257.266612,56.421717,450,R05,FLEXIBLE,2026-10-06T02:00:00Z,2026-10-19T12:30:00Z,52,116,15,81
T00140,262.840942,0.307822,1200,R05,FLEXIBLE,2026-10-06T02:00:00Z,2026-10-19T12:30:00Z,61,97,13,84
T00141,239.091976,56.706899,1350,R05,FLEXIBLE,2026-10-06T02:00:00Z,2026-10-19T12:30:00Z,68,91,27,61
T00142,261.203595,3.773778,450,R05,FLEXIBLE,2026-10-06T02:00:00Z,2026-10-19T12:30:00Z,67,106,13,78
T00143,254.838196,36.052593,600,R05,FLEXIBLE,2026-10-06T02:00:00Z,2026-10-19T12:30:00Z,78,115,14,79
T00144,261.656865,59.244010,600,R05,FLEXIBLE,2026-10-06T02:00:00Z,2026-10-19T12:30:00Z,60,117,21,77
T00145,307.995458,41.030616,450,R06,REQUIRED,2026-10-06T02:00:00Z,2026-10-11T12:30:00Z,61,123,15,70
T00146,276.268576,42.312834,450,R06,REQUIRED,2026-10-06T02:00:00Z,2026-10-19T12:30:00Z,66,84,13,56
T00147,292.056636,18.678086,900,R06,FLEXIBLE,2026-10-06T02:00:00Z,2026-10-19T12:30:00Z,65,134,13,67
T00148,295.684486,28.159659,1200,R06,FLEXIBLE,2026-10-06T02:00:00Z,2026-10-19T12:30:00Z,69,95,15,101
T00149,296.735339,42.800356,600,R06,FLEXIBLE,2026-10-06T02:00:00Z,2026-10-19T12:30:00Z,60,129,21,87
T00150,307.654461,47.603752,900,R06,FLEXIBLE,2026-10-06T02:00:00Z,2026-10-19T12:30:00Z,71,82,20,73
T00151,291.295023,44.273775,600,R06,FLEXIBLE,2026-10-06T02:00:00Z,2026-10-19T12:30:00Z,52,110,19,46
T00152,297.482016,47.919602,1350,R06,FLEXIBLE,2026-10-06T02:00:00Z,2026-10-19T12:30:00Z,59,91,15,90
T00153,291.168772,20.476335,900,R06,FLEXIBLE,2026-10-06T02:00:00Z,2026-10-19T12:30:00Z,30,130,16,76
T00154,305.439393,31.764798,600,R06,FLEXIBLE,2026-10-06T02:00:00Z,2026-10-19T12:30:00Z,69,100,20,82
T00155,311.565159,9.236633,900,R06,FLEXIBLE,2026-10-06T02:00:00Z,2026-10-19T12:30:00Z,73,87,24,80
T00156,273.916886,9.944038,900,R06,FLEXIBLE,2026-10-06T02:00:00Z,2026-10-19T12:30:00Z,71,101,23,69
T00157,306.139723,17.256859,450,R06,FLEXIBLE,2026-10-06T02:00:00Z,2026-10-19T12:30:00Z,53,77,6,76
T00158,293.919140,25.520755,450,R06,FLEXIBLE,2026-10-06T02:00:00Z,2026-10-19T12:30:00Z,66,89,18,67
T00159,272.780748,26.787482,900,R06,FLEXIBLE,2026-10-06T02:00:00Z,2026-10-19T12:30:00Z,55,76,14,84
T00160,300.800213,13.419985,600,R06,FLEXIBLE,2026-10-06T02:00:00Z,2026-10-19T12:30:00Z,75,85,20,68
T00161,312.502285,15.597325,1350,R06,FLEXIBLE,2026-10-06T02:00:00Z,2026-10-19T12:30:00Z,61,102,20,72
T00162,299.131005,30.520159,900,R06,FLEXIBLE,2026-10-06T02:00:00Z,2026-10-19T12:30:00Z,54,105,21,67
T00163,295.458874,56.092598,450,R06,FLEXIBLE,2026-10-06T02:00:00Z,2026-10-19T12:30:00Z,56,83,17,67
T00164,277.111079,53.623052,1200,R06,FLEXIBLE,2026-10-06T02:00:00Z,2026-10-19T12:30:00Z,47,56,22,80
T00165,292.809442,38.808947,1350,R06,FLEXIBLE,2026-10-06T02:00:00Z,2026-10-19T12:30:00Z,64,113,8,69
T00166,272.101627,-4.554344,1200,R06,FLEXIBLE,2026-10-06T02:00:00Z,2026-10-19T12:30:00Z,78,96,15,73
T00167,287.345229,37.419406,450,R06,FLEXIBLE,2026-10-06T02:00:00Z,2026-10-19T12:30:00Z,70,112,5,76
T00168,283.385568,6.554064,450,R06,FLEXIBLE,2026-10-06T02:00:00Z,2026-10-19T12:30:00Z,47,110,23,79
T00169,341.910568,59.229929,900,R07,REQUIRED,2026-10-06T02:00:00Z,2026-10-11T12:30:00Z,50,87,18,78
T00170,323.009807,7.609380,1200,R07,REQUIRED,2026-10-06T02:00:00Z,2026-10-19T12:30:00Z,53,91,16,56
T00171,345.772431,9.933288,1200,R07,FLEXIBLE,2026-10-06T02:00:00Z,2026-10-19T12:30:00Z,62,97,21,66
T00172,336.233258,4.803701,600,R07,FLEXIBLE,2026-10-06T02:00:00Z,2026-10-19T12:30:00Z,48,97,9,88
T00173,337.425678,12.837449,900,R07,FLEXIBLE,2026-10-06T02:00:00Z,2026-10-19T12:30:00Z,41,79,18,97
T00174,338.223246,29.315656,900,R07,FLEXIBLE,2026-10-06T02:00:00Z,2026-10-19T12:30:00Z,85,99,23,73
T00175,335.470162,24.705958,450,R07,FLEXIBLE,2026-10-06T02:00:00Z,2026-10-19T12:30:00Z,61,128,20,56
T00176,335.555949,53.604837,600,R07,FLEXIBLE,2026-10-06T02:00:00Z,2026-10-19T12:30:00Z,41,107,18,87
T00177,356.300893,7.105914,450,R07,FLEXIBLE,2026-10-06T02:00:00Z,2026-10-19T12:30:00Z,50,65,16,79
T00178,318.137236,1.479536,450,R07,FLEXIBLE,2026-10-06T02:00:00Z,2026-10-19T12:30:00Z,50,109,20,101
T00179,324.587580,42.361671,600,R07,FLEXIBLE,2026-10-06T02:00:00Z,2026-10-19T12:30:00Z,68,68,20,97
T00180,325.486570,4.972407,1350,R07,FLEXIBLE,2026-10-06T02:00:00Z,2026-10-19T12:30:00Z,56,105,24,71
T00181,357.320826,31.831646,1200,R07,FLEXIBLE,2026-10-06T02:00:00Z,2026-10-19T12:30:00Z,67,91,19,74
T00182,355.021549,-3.152368,1200,R07,FLEXIBLE,2026-10-06T02:00:00Z,2026-10-19T12:30:00Z,70,102,18,83
T00183,333.812736,14.231368,1350,R07,FLEXIBLE,2026-10-06T02:00:00Z,2026-10-19T12:30:00Z,61,92,25,88
T00184,336.080577,52.456151,450,R07,FLEXIBLE,2026-10-06T02:00:00Z,2026-10-19T12:30:00Z,55,108,9,96
T00185,317.896408,-1.378408,600,R07,FLEXIBLE,2026-10-06T02:00:00Z,2026-10-19T12:30:00Z,46,119,29,60
T00186,328.562620,29.280943,1200,R07,FLEXIBLE,2026-10-06T02:00:00Z,2026-10-19T12:30:00Z,45,128,16,76
T00187,343.856570,3.865620,900,R07,FLEXIBLE,2026-10-06T02:00:00Z,2026-10-19T12:30:00Z,57,108,18,93
T00188,324.535217,14.137714,600,R07,FLEXIBLE,2026-10-06T02:00:00Z,2026-10-19T12:30:00Z,76,109,25,89
T00189,354.640380,49.791053,900,R07,FLEXIBLE,2026-10-06T02:00:00Z,2026-10-19T12:30:00Z,51,104,20,88
T00190,337.035434,28.220220,900,R07,FLEXIBLE,2026-10-06T02:00:00Z,2026-10-19T12:30:00Z,62,131,16,87
T00191,343.676269,32.262113,1200,R07,FLEXIBLE,2026-10-06T02:00:00Z,2026-10-19T12:30:00Z,51,94,20,89
T00192,325.738960,28.424010,1200,R07,FLEXIBLE,2026-10-06T02:00:00Z,2026-10-19T12:30:00Z,71,107,17,69
