event_id,condition,actual_start_utc,actual_end_utc,spatial_scope_type,spatial_scope_payload,severity,force_close,seeing_multiplier,transparency_multiplier,sky_quality_multiplier,instrument_efficiency_multiplier
EV0001,rainy,2026-10-07T05:00:00Z,2026-10-07T14:00:00Z,ALL,{},0.704371,true,1.563497,0.471722,0.542159,1.000000
EV0017,smoggy,2026-10-07T08:00:00Z,2026-10-07T23:45:00Z,HORIZON_SECTOR,"{""azimuth_end_deg"":355.728744,""azimuth_start_deg"":278.312961,""max_altitude_deg"":76.028182,""min_altitude_deg"":0.0}",0.975597,false,1.146340,0.687809,0.726833,1.000000
EV0008,cloudy,2026-10-07T12:15:00Z,2026-10-07T19:30:00Z,SKY_CAP_ICRS,"{""dec_deg"":68.884086,""ra_deg"":182.414441,""radius_deg"":22.567871}",0.948142,false,1.237036,0.573336,0.668150,1.000000
EV0025,cold_wave,2026-10-08T04:00:00Z,2026-10-09T22:45:00Z,ALL,{},0.573741,false,1.028687,0.977050,0.988525,0.816403
EV0007,cloudy,2026-10-08T07:30:00Z,2026-10-08T14:30:00Z,SKY_CAP_ICRS,"{""dec_deg"":-1.33989,""ra_deg"":303.232601,""radius_deg"":36.096233}",0.775751,false,1.193938,0.650912,0.728487,1.000000
EV0009,cloudy,2026-10-09T09:00:00Z,2026-10-09T11:30:00Z,REGION_SET,"{""region_ids"":[""R00"",""R05""]}",0.842727,false,1.210682,0.620773,0.705046,1.000000
EV0018,smoggy,2026-10-10T07:00:00Z,2026-10-10T16:15:00Z,REGION_SET,"{""region_ids"":[""R00"",""R05"",""R06""]}",0.585660,false,1.087849,0.812589,0.836015,1.000000
EV0022,rocket_launch,2026-10-10T09:00:00Z,2026-10-10T10:30:00Z,HORIZON_SECTOR,"{""azimuth_end_deg"":292.396728,""azimuth_start_deg"":231.95978,""max_altitude_deg"":43.872963,""min_altitude_deg"":0.0}",0.866605,true,1.000000,1.000000,1.000000,1.000000
EV0002,rainy,2026-10-11T04:00:00Z,2026-10-11T09:15:00Z,ALL,{},0.879045,true,1.703236,0.340717,0.428621,1.000000
EV0026,cold_wave,2026-10-11T12:00:00Z,2026-10-12T04:30:00Z,ALL,{},0.677064,false,1.033853,0.972917,0.986459,0.783340
EV0012,cloudy,2026-10-12T04:00:00Z,2026-10-12T10:45:00Z,REGION_SET,"{""region_ids"":[""R01"",""R05""]}",0.853505,false,1.213376,0.615923,0.701273,1.000000
EV0023,rocket_launch,2026-10-12T09:00:00Z,2026-10-12T10:15:00Z,HORIZON_SECTOR,"{""azimuth_end_deg"":58.013532,""azimuth_start_deg"":330.237886,""max_altitude_deg"":57.37419,""min_altitude_deg"":0.0}",0.737244,true,1.000000,1.000000,1.000000,1.000000
EV0019,smoggy,2026-10-12T09:15:00Z,2026-10-12T23:30:00Z,REGION_SET,"{""region_ids"":[""R01"",""R07""]}",0.672517,false,1.100877,0.784795,0.811695,1.000000
EV0029,tornado,2026-10-12T10:30:00Z,2026-10-12T13:15:00Z,ALL,{},0.804910,true,1.804910,0.315826,0.396317,0.839018
EV0003,rainy,2026-10-12T11:15:00Z,2026-10-12T15:00:00Z,ALL,{},0.657335,true,1.525868,0.506999,0.572732,1.000000
EV0010,cloudy,2026-10-12T11:30:00Z,2026-10-12T15:15:00Z,HORIZON_SECTOR,"{""azimuth_end_deg"":234.935967,""azimuth_start_deg"":196.992998,""max_altitude_deg"":57.126514,""min_altitude_deg"":0.0}",0.883500,false,1.220875,0.602425,0.690775,1.000000
EV0011,cloudy,2026-10-13T02:00:00Z,2026-10-13T05:30:00Z,REGION_SET,"{""region_ids"":[""R00"",""R03"",""R04""]}",0.795906,false,1.198976,0.641842,0.721433,1.000000
EV0027,cold_wave,2026-10-13T04:30:00Z,2026-10-14T02:15:00Z,ALL,{},0.566593,false,1.028330,0.977336,0.988668,0.818690
EV0013,cloudy,2026-10-13T10:00:00Z,2026-10-13T14:00:00Z,SKY_CAP_ICRS,"{""dec_deg"":45.438609,""ra_deg"":269.922439,""radius_deg"":36.908917}",0.721737,false,1.180434,0.675218,0.747392,1.000000
EV0030,instrument_fault,2026-10-14T05:00:00Z,2026-10-19T12:30:00Z,REGION_SET,"{""region_ids"":[""R02"",""R06"",""R07""]}",0.902656,false,1.000000,1.000000,1.000000,0.619833
EV0004,rainy,2026-10-15T05:15:00Z,2026-10-15T11:00:00Z,ALL,{},0.552900,true,1.442320,0.585325,0.640615,1.000000
EV0005,rainy,2026-10-15T09:45:00Z,2026-10-15T15:30:00Z,ALL,{},0.907751,true,1.726201,0.319187,0.409962,1.000000
EV0024,rocket_launch,2026-10-16T08:00:00Z,2026-10-16T08:30:00Z,SKY_CAP_ICRS,"{""dec_deg"":52.339034,""ra_deg"":99.377103,""radius_deg"":21.551278}",0.976095,true,1.000000,1.000000,1.000000,1.000000
EV0020,smoggy,2026-10-16T10:30:00Z,2026-10-17T04:15:00Z,HORIZON_SECTOR,"{""azimuth_end_deg"":196.667962,""azimuth_start_deg"":125.152128,""max_altitude_deg"":55.152452,""min_altitude_deg"":0.0}",0.608547,false,1.091282,0.805265,0.829607,1.000000
EV0006,rainy,2026-10-17T05:00:00Z,2026-10-17T09:00:00Z,ALL,{},0.674125,true,1.539300,0.494406,0.561819,1.000000
EV0015,cloudy,2026-10-17T10:30:00Z,2026-10-17T14:15:00Z,SKY_CAP_ICRS,"{""dec_deg"":34.992113,""ra_deg"":276.379081,""radius_deg"":26.496106}",0.627422,false,1.156855,0.717660,0.780402,1.000000
EV0021,smoggy,2026-10-17T12:00:00Z,2026-10-17T21:00:00Z,REGION_SET,"{""region_ids"":[""R01"",""R03""]}",0.554987,false,1.083248,0.822404,0.844604,1.000000
EV0014,cloudy,2026-10-18T01:45:00Z,2026-10-18T08:45:00Z,SKY_CAP_ICRS,"{""dec_deg"":3.696479,""ra_deg"":129.016094,""radius_deg"":13.98738}",0.736016,false,1.184004,0.668793,0.742394,1.000000
EV0028,cold_wave,2026-10-18T05:15:00Z,2026-10-20T00:45:00Z,ALL,{},0.921076,false,1.046054,0.963157,0.981578,0.705256
EV0016,cloudy,2026-10-19T12:15:00Z,2026-10-19T17:15:00Z,SKY_CAP_ICRS,"{""dec_deg"":59.197987,""ra_deg"":28.538596,""radius_deg"":23.777634}",0.719687,false,1.179922,0.676141,0.748109,1.000000
