decision_id,slot_id,action,tile_id,program,request_id,reason
D000001,N20261005-S001,observe,T00145,BRIGHT,,highest public current-snapshot estimate
D000002,N20261005-S001,observe,T00001,BACKUP,,highest public current-snapshot estimate
D000003,N20261005-S002,observe,T00146,BRIGHT,,highest public current-snapshot estimate
D000004,N20261005-S003,observe,T00170,BACKUP,,highest public current-snapshot estimate
D000005,N20261005-S003,observe,T00155,BRIGHT,RQ0001,highest public current-snapshot estimate
D000006,N20261005-S004,observe,T00169,BRIGHT,,highest public current-snapshot estimate
D000007,N20261005-S005,observe,T00162,BRIGHT,,highest public current-snapshot estimate
D000008,N20261005-S005,observe,T00191,BRIGHT,,highest public current-snapshot estimate
D000009,N20261005-S006,observe,T00152,BRIGHT,,highest public current-snapshot estimate
D000010,N20261005-S006,observe,T00172,BRIGHT,,highest public current-snapshot estimate
D000011,N20261005-S007,observe,T00176,BRIGHT,,highest public current-snapshot estimate
D000012,N20261005-S007,observe,T00153,BRIGHT,,highest public current-snapshot estimate
D000013,N20261005-S008,observe,T00188,BRIGHT,,highest public current-snapshot estimate
D000014,N20261005-S008,observe,T00010,BACKUP,,highest public current-snapshot estimate
D000015,N20261005-S009,observe,T00014,BACKUP,,highest public current-snapshot estimate
D000016,N20261005-S009,observe,T00019,BACKUP,,highest public current-snapshot estimate
D000017,N20261005-S010,observe,T00003,BACKUP,,highest public current-snapshot estimate
D000018,N20261005-S010,observe,T00135,BACKUP,,highest public current-snapshot estimate
D000019,N20261005-S011,observe,T00027,BACKUP,,highest public current-snapshot estimate
D000020,N20261005-S011,observe,T00183,BRIGHT,,highest public current-snapshot estimate
D000021,N20261005-S012,observe,T00185,BRIGHT,,highest public current-snapshot estimate
D000022,N20261005-S012,observe,T00036,BACKUP,,highest public current-snapshot estimate
D000023,N20261005-S013,observe,T00002,BACKUP,,highest public current-snapshot estimate
D000024,N20261005-S013,observe,T00046,BACKUP,,highest public current-snapshot estimate
D000025,N20261005-S014,observe,T00180,BRIGHT,,highest public current-snapshot estimate
D000026,N20261005-S015,observe,T00182,BRIGHT,,highest public current-snapshot estimate
D000027,N20261005-S015,observe,T00148,BRIGHT,,highest public current-snapshot estimate
D000028,N20261005-S016,observe,T00006,BRIGHT,,highest public current-snapshot estimate
D000029,N20261005-S016,observe,T00037,BACKUP,,highest public current-snapshot estimate
D000030,N20261005-S017,observe,T00026,BACKUP,,highest public current-snapshot estimate
D000031,N20261005-S017,observe,T00011,BRIGHT,,highest public current-snapshot estimate
D000032,N20261005-S018,observe,T00012,BRIGHT,,highest public current-snapshot estimate
D000033,N20261005-S018,observe,T00020,BRIGHT,,highest public current-snapshot estimate
D000034,N20261005-S019,observe,T00007,BRIGHT,,highest public current-snapshot estimate
D000035,N20261005-S019,observe,T00008,BRIGHT,,highest public current-snapshot estimate
D000036,N20261005-S020,observe,T00173,BRIGHT,,highest public current-snapshot estimate
D000037,N20261005-S021,observe,T00024,BRIGHT,,highest public current-snapshot estimate
D000038,N20261005-S021,observe,T00023,BRIGHT,,highest public current-snapshot estimate
D000039,N20261005-S022,observe,T00189,BRIGHT,,highest public current-snapshot estimate
D000040,N20261005-S023,observe,T00017,BRIGHT,,highest public current-snapshot estimate
D000041,N20261005-S024,observe,T00029,BRIGHT,,highest public current-snapshot estimate
D000042,N20261005-S025,observe,T00060,BACKUP,,highest public current-snapshot estimate
D000043,N20261005-S025,observe,T00040,BRIGHT,,highest public current-snapshot estimate
D000044,N20261005-S026,observe,T00070,BACKUP,,highest public current-snapshot estimate
D000045,N20261005-S027,observe,T00031,BRIGHT,,highest public current-snapshot estimate
D000046,N20261005-S027,observe,T00039,BRIGHT,,highest public current-snapshot estimate
D000047,N20261005-S028,observe,T00054,BACKUP,,highest public current-snapshot estimate
D000048,N20261005-S028,observe,T00055,BACKUP,,highest public current-snapshot estimate
D000049,N20261005-S029,observe,T00047,BRIGHT,,highest public current-snapshot estimate
D000050,N20261005-S030,observe,T00045,BRIGHT,,highest public current-snapshot estimate
D000051,N20261005-S031,observe,T00030,BRIGHT,,highest public current-snapshot estimate
D000052,N20261005-S032,observe,T00014,BRIGHT,,highest public current-snapshot estimate
D000053,N20261005-S032,observe,T00036,BRIGHT,,highest public current-snapshot estimate
D000054,N20261005-S033,observe,T00062,BACKUP,,highest public current-snapshot estimate
D000055,N20261005-S033,observe,T00043,BRIGHT,,highest public current-snapshot estimate
D000056,N20261005-S034,observe,T00034,BRIGHT,,highest public current-snapshot estimate
D000057,N20261005-S035,observe,T00050,BACKUP,,highest public current-snapshot estimate
D000058,N20261005-S036,observe,T00085,BACKUP,,highest public current-snapshot estimate
D000059,N20261005-S037,observe,T00061,BACKUP,,highest public current-snapshot estimate
D000060,N20261005-S037,observe,T00063,BACKUP,,highest public current-snapshot estimate
D000061,N20261005-S038,observe,T00092,BACKUP,,highest public current-snapshot estimate
D000062,N20261005-S039,observe,T00067,BRIGHT,,highest public current-snapshot estimate
D000063,N20261005-S040,observe,T00071,BRIGHT,,highest public current-snapshot estimate
D000064,N20261005-S041,observe,T00078,BACKUP,,highest public current-snapshot estimate
D000065,N20261005-S042,observe,T00076,BACKUP,,highest public current-snapshot estimate
D000066,N20261005-S042,wait,,,,no legal observable candidate can finish in its known window
D000067,N20261006-S001,observe,T00121,BRIGHT,,highest public current-snapshot estimate
D000068,N20261006-S002,observe,T00122,BACKUP,,highest public current-snapshot estimate
D000069,N20261006-S003,observe,T00141,BRIGHT,,highest public current-snapshot estimate
D000070,N20261006-S003,observe,T00126,BACKUP,,highest public current-snapshot estimate
D000071,N20261006-S004,observe,T00142,BRIGHT,,highest public current-snapshot estimate
D000072,N20261006-S005,observe,T00184,BRIGHT,,highest public current-snapshot estimate
D000073,N20261006-S005,observe,T00166,BRIGHT,,highest public current-snapshot estimate
D000074,N20261006-S006,observe,T00160,BRIGHT,,highest public current-snapshot estimate
D000075,N20261006-S007,observe,T00168,BRIGHT,,highest public current-snapshot estimate
D000076,N20261006-S008,observe,T00015,BRIGHT,,highest public current-snapshot estimate
D000077,N20261006-S009,observe,T00165,BRIGHT,,highest public current-snapshot estimate
D000078,N20261006-S010,observe,T00018,BRIGHT,,highest public current-snapshot estimate
D000079,N20261006-S011,observe,T00150,BRIGHT,,highest public current-snapshot estimate
D000080,N20261006-S012,observe,T00187,BACKUP,,highest public current-snapshot estimate
D000081,N20261006-S012,observe,T00016,BACKUP,,highest public current-snapshot estimate
D000082,N20261006-S014,observe,T00021,BACKUP,,highest public current-snapshot estimate
D000083,N20261006-S015,observe,T00192,BACKUP,,highest public current-snapshot estimate
D000084,N20261006-S016,observe,T00179,BACKUP,,highest public current-snapshot estimate
D000085,N20261006-S017,observe,T00004,BACKUP,,highest public current-snapshot estimate
D000086,N20261006-S018,observe,T00009,BACKUP,,highest public current-snapshot estimate
D000087,N20261006-S020,observe,T00005,BACKUP,,highest public current-snapshot estimate
D000088,N20261006-S021,observe,T00033,BACKUP,,highest public current-snapshot estimate
D000089,N20261006-S022,observe,T00032,BACKUP,,highest public current-snapshot estimate
D000090,N20261006-S024,observe,T00177,BRIGHT,,highest public current-snapshot estimate
D000091,N20261006-S025,observe,T00170,BRIGHT,,highest public current-snapshot estimate
D000092,N20261006-S025,observe,T00187,BRIGHT,,highest public current-snapshot estimate
D000093,N20261006-S026,observe,T00181,BRIGHT,,highest public current-snapshot estimate
D000094,N20261006-S027,observe,T00178,BRIGHT,,highest public current-snapshot estimate
D000095,N20261006-S028,observe,T00171,BRIGHT,,highest public current-snapshot estimate
D000096,N20261006-S030,observe,T00051,BRIGHT,,highest public current-snapshot estimate
D000097,N20261006-S031,observe,T00060,BRIGHT,,highest public current-snapshot estimate
D000098,N20261006-S031,observe,T00065,BRIGHT,,highest public current-snapshot estimate
D000099,N20261006-S033,observe,T00056,BRIGHT,,highest public current-snapshot estimate
D000100,N20261006-S034,observe,T00054,BRIGHT,,highest public current-snapshot estimate
D000101,N20261006-S034,observe,T00068,BRIGHT,,highest public current-snapshot estimate
D000102,N20261006-S035,observe,T00062,BRIGHT,,highest public current-snapshot estimate
D000103,N20261006-S036,observe,T00053,BACKUP,,highest public current-snapshot estimate
D000104,N20261006-S036,observe,T00052,BRIGHT,,highest public current-snapshot estimate
D000105,N20261006-S038,observe,T00070,DARK,,highest public current-snapshot estimate
D000106,N20261006-S038,observe,T00050,BRIGHT,,highest public current-snapshot estimate
D000107,N20261006-S039,observe,T00069,DARK,,highest public current-snapshot estimate
D000108,N20261006-S040,observe,T00058,DARK,,highest public current-snapshot estimate
D000109,N20261006-S042,observe,T00061,BRIGHT,,highest public current-snapshot estimate
D000110,N20261006-S042,observe,T00062,BRIGHT,,highest public current-snapshot estimate
D000111,N20261007-S001,observe,T00127,BRIGHT,,highest public current-snapshot estimate
D000112,N20261007-S001,observe,T00140,BACKUP,,highest public current-snapshot estimate
D000113,N20261007-S002,observe,T00167,BRIGHT,,highest public current-snapshot estimate
D000114,N20261007-S003,observe,T00134,BRIGHT,,highest public current-snapshot estimate
D000115,N20261007-S004,observe,T00159,BRIGHT,,highest public current-snapshot estimate
D000116,N20261007-S006,observe,T00154,BRIGHT,,highest public current-snapshot estimate
D000117,N20261007-S007,observe,T00161,BRIGHT,,highest public current-snapshot estimate
D000118,N20261007-S009,observe,T00175,BRIGHT,,highest public current-snapshot estimate
D000119,N20261007-S010,observe,T00190,BRIGHT,,highest public current-snapshot estimate
D000120,N20261007-S012,observe,T00192,BRIGHT,,highest public current-snapshot estimate
D000121,N20261007-S013,observe,T00010,BRIGHT,,highest public current-snapshot estimate
D000122,N20261007-S013,observe,T00179,BRIGHT,,highest public current-snapshot estimate
D000123,N20261007-S014,observe,T00019,BRIGHT,,highest public current-snapshot estimate
D000124,N20261007-S015,observe,T00186,BRIGHT,,highest public current-snapshot estimate
D000125,N20261007-S016,observe,T00001,BRIGHT,,highest public current-snapshot estimate
D000126,N20261007-S017,observe,T00003,BRIGHT,,highest public current-snapshot estimate
D000127,N20261007-S017,observe,T00174,BRIGHT,,highest public current-snapshot estimate
D000128,N20261007-S019,observe,T00002,BRIGHT,,highest public current-snapshot estimate
D000129,N20261007-S019,observe,T00027,BRIGHT,,highest public current-snapshot estimate
D000130,N20261007-S020,observe,T00022,BRIGHT,,highest public current-snapshot estimate
D000131,N20261007-S021,observe,T00048,BRIGHT,,highest public current-snapshot estimate
D000132,N20261007-S022,observe,T00028,BRIGHT,,highest public current-snapshot estimate
D000133,N20261007-S023,observe,T00046,BRIGHT,,highest public current-snapshot estimate
D000134,N20261007-S024,observe,T00019,DARK,,highest public current-snapshot estimate
D000135,N20261007-S024,observe,T00026,BRIGHT,,highest public current-snapshot estimate
D000136,N20261007-S025,observe,T00016,DARK,,highest public current-snapshot estimate
D000137,N20261007-S026,observe,T00044,BRIGHT,,highest public current-snapshot estimate
D000138,N20261007-S028,observe,T00013,BRIGHT,,highest public current-snapshot estimate
D000139,N20261007-S029,observe,T00012,BRIGHT,,highest public current-snapshot estimate
D000140,N20261007-S030,observe,T00042,BRIGHT,,highest public current-snapshot estimate
D000141,N20261007-S031,observe,T00035,BRIGHT,,highest public current-snapshot estimate
D000142,N20261007-S033,observe,T00072,BRIGHT,,highest public current-snapshot estimate
D000143,N20261007-S034,observe,T00031,BRIGHT,,highest public current-snapshot estimate
D000144,N20261007-S035,observe,T00032,BRIGHT,,highest public current-snapshot estimate
D000145,N20261007-S036,observe,T00064,BRIGHT,,highest public current-snapshot estimate
D000146,N20261007-S037,observe,T00039,BRIGHT,,highest public current-snapshot estimate
D000147,N20261007-S038,observe,T00060,DARK,,highest public current-snapshot estimate
D000148,N20261007-S039,observe,T00055,DARK,,highest public current-snapshot estimate
D000149,N20261007-S040,observe,T00059,BRIGHT,,highest public current-snapshot estimate
D000150,N20261007-S041,observe,T00037,BRIGHT,,highest public current-snapshot estimate
D000151,N20261007-S042,observe,T00063,BRIGHT,,highest public current-snapshot estimate
D000152,N20261007-S042,wait,,,,no legal observable candidate can finish in its known window
D000153,N20261008-S001,observe,T00136,BACKUP,,highest public current-snapshot estimate
D000154,N20261008-S001,observe,T00144,BACKUP,,highest public current-snapshot estimate
D000155,N20261008-S002,wait,,,,no legal observable candidate can finish in its known window
D000156,N20261008-S003,wait,,,,no legal observable candidate can finish in its known window
D000157,N20261008-S004,wait,,,,no legal observable candidate can finish in its known window
D000158,N20261008-S005,wait,,,,no legal observable candidate can finish in its known window
D000159,N20261008-S006,wait,,,,no legal observable candidate can finish in its known window
D000160,N20261008-S007,wait,,,,no legal observable candidate can finish in its known window
D000161,N20261008-S008,wait,,,,no legal observable candidate can finish in its known window
D000162,N20261008-S009,wait,,,,no legal observable candidate can finish in its known window
D000163,N20261008-S010,wait,,,,no legal observable candidate can finish in its known window
D000164,N20261008-S011,wait,,,,no legal observable candidate can finish in its known window
D000165,N20261008-S012,wait,,,,no legal observable candidate can finish in its known window
D000166,N20261008-S013,wait,,,,no legal observable candidate can finish in its known window
D000167,N20261008-S014,wait,,,,no legal observable candidate can finish in its known window
D000168,N20261008-S015,wait,,,,no legal observable candidate can finish in its known window
D000169,N20261008-S016,wait,,,,no legal observable candidate can finish in its known window
D000170,N20261008-S017,wait,,,,no legal observable candidate can finish in its known window
D000171,N20261008-S018,wait,,,,no legal observable candidate can finish in its known window
D000172,N20261008-S019,wait,,,,no legal observable candidate can finish in its known window
D000173,N20261008-S020,wait,,,,no legal observable candidate can finish in its known window
D000174,N20261008-S021,wait,,,,no legal observable candidate can finish in its known window
D000175,N20261008-S022,wait,,,,no legal observable candidate can finish in its known window
D000176,N20261008-S023,wait,,,,no legal observable candidate can finish in its known window
D000177,N20261008-S024,wait,,,,no legal observable candidate can finish in its known window
D000178,N20261008-S025,observe,T00041,BRIGHT,,highest public current-snapshot estimate
D000179,N20261008-S026,observe,T00038,BRIGHT,,highest public current-snapshot estimate
D000180,N20261008-S027,observe,T00009,BRIGHT,,highest public current-snapshot estimate
D000181,N20261008-S029,observe,T00020,BRIGHT,,highest public current-snapshot estimate
D000182,N20261008-S029,observe,T00033,BRIGHT,,highest public current-snapshot estimate
D000183,N20261008-S031,observe,T00005,BRIGHT,,highest public current-snapshot estimate
D000184,N20261008-S032,observe,T00021,BRIGHT,,highest public current-snapshot estimate
D000185,N20261008-S033,observe,T00066,BACKUP,,highest public current-snapshot estimate
D000186,N20261008-S034,observe,T00040,BRIGHT,,highest public current-snapshot estimate
D000187,N20261008-S035,observe,T00057,BACKUP,,highest public current-snapshot estimate
D000188,N20261008-S036,observe,T00030,BRIGHT,,highest public current-snapshot estimate
D000189,N20261008-S037,observe,T00048,BRIGHT,,highest public current-snapshot estimate
D000190,N20261008-S038,observe,T00080,BACKUP,,highest public current-snapshot estimate
D000191,N20261008-S040,observe,T00096,BACKUP,,highest public current-snapshot estimate
D000192,N20261008-S041,observe,T00077,BACKUP,,highest public current-snapshot estimate
D000193,N20261008-S042,wait,,,,no legal observable candidate can finish in its known window
D000194,N20261009-S001,observe,T00144,BRIGHT,,highest public current-snapshot estimate
D000195,N20261009-S002,observe,T00143,BACKUP,,highest public current-snapshot estimate
D000196,N20261009-S002,observe,T00156,BRIGHT,,highest public current-snapshot estimate
D000197,N20261009-S004,observe,T00149,BRIGHT,,highest public current-snapshot estimate
D000198,N20261009-S005,observe,T00157,BRIGHT,,highest public current-snapshot estimate
D000199,N20261009-S007,observe,T00147,BRIGHT,,highest public current-snapshot estimate
D000200,N20261009-S008,observe,T00158,BRIGHT,,highest public current-snapshot estimate
D000201,N20261009-S010,observe,T00151,BACKUP,,highest public current-snapshot estimate
D000202,N20261009-S011,observe,T00163,BACKUP,,highest public current-snapshot estimate
D000203,N20261009-S013,observe,T00004,BRIGHT,,highest public current-snapshot estimate
D000204,N20261009-S014,observe,T00181,BRIGHT,,highest public current-snapshot estimate
D000205,N20261009-S015,observe,T00004,BRIGHT,,highest public current-snapshot estimate
D000206,N20261009-S017,observe,T00171,BRIGHT,,highest public current-snapshot estimate
D000207,N20261009-S018,observe,T00004,BRIGHT,,highest public current-snapshot estimate
D000208,N20261009-S020,observe,T00005,BRIGHT,,repeat observation to confirm an anomalous realized-score deviation
D000209,N20261009-S021,observe,T00005,BRIGHT,,repeat observation to confirm an anomalous realized-score deviation
D000210,N20261009-S022,observe,T00006,BRIGHT,,highest public current-snapshot estimate
D000211,N20261009-S023,observe,T00007,BRIGHT,,highest public current-snapshot estimate
D000212,N20261009-S023,observe,T00010,BRIGHT,,highest public current-snapshot estimate
D000213,N20261009-S024,observe,T00002,BRIGHT,,highest public current-snapshot estimate
D000214,N20261009-S024,observe,T00014,BRIGHT,,highest public current-snapshot estimate
D000215,N20261009-S025,observe,T00006,BRIGHT,,highest public current-snapshot estimate
D000216,N20261009-S025,observe,T00027,BRIGHT,,highest public current-snapshot estimate
D000217,N20261009-S026,observe,T00004,BRIGHT,,highest public current-snapshot estimate
D000218,N20261009-S027,observe,T00028,BRIGHT,,highest public current-snapshot estimate
D000219,N20261009-S028,observe,T00038,BRIGHT,,highest public current-snapshot estimate
D000220,N20261009-S030,observe,T00038,BRIGHT,,highest public current-snapshot estimate
D000221,N20261009-S031,observe,T00038,BRIGHT,,highest public current-snapshot estimate
D000222,N20261009-S032,observe,T00005,BRIGHT,,repeat observation to confirm an anomalous realized-score deviation
D000223,N20261009-S032,report_instrument_failure,,,,
D000224,N20261009-S034,observe,T00051,BRIGHT,,highest public current-snapshot estimate
D000225,N20261009-S035,observe,T00042,BRIGHT,,highest public current-snapshot estimate
D000226,N20261009-S036,observe,T00051,BRIGHT,,highest public current-snapshot estimate
D000227,N20261009-S037,observe,T00085,BACKUP,,highest public current-snapshot estimate
D000228,N20261009-S038,observe,T00066,BRIGHT,,highest public current-snapshot estimate
D000229,N20261009-S040,observe,T00092,BACKUP,,highest public current-snapshot estimate
D000230,N20261009-S041,observe,T00083,BACKUP,,highest public current-snapshot estimate
D000231,N20261009-S042,wait,,,,no legal observable candidate can finish in its known window
D000232,N20261010-S001,observe,T00135,DARK,,highest public current-snapshot estimate
D000233,N20261010-S001,observe,T00148,DARK,,highest public current-snapshot estimate
D000234,N20261010-S002,observe,T00152,DARK,,highest public current-snapshot estimate
D000235,N20261010-S002,observe,T00153,DARK,,highest public current-snapshot estimate
D000236,N20261010-S003,observe,T00188,DARK,,highest public current-snapshot estimate
D000237,N20261010-S003,observe,T00128,BRIGHT,,highest public current-snapshot estimate
D000238,N20261010-S004,observe,T00176,DARK,,highest public current-snapshot estimate
D000239,N20261010-S005,observe,T00172,DARK,,highest public current-snapshot estimate
D000240,N20261010-S005,observe,T00191,DARK,,highest public current-snapshot estimate
D000241,N20261010-S006,observe,T00164,BRIGHT,,highest public current-snapshot estimate
D000242,N20261010-S007,observe,T00180,DARK,,highest public current-snapshot estimate
D000243,N20261010-S008,observe,T00189,DARK,,highest public current-snapshot estimate
D000244,N20261010-S009,observe,T00183,DARK,,highest public current-snapshot estimate
D000245,N20261010-S009,observe,T00182,DARK,,highest public current-snapshot estimate
D000246,N20261010-S010,observe,T00185,DARK,,highest public current-snapshot estimate
D000247,N20261010-S010,observe,T00173,DARK,,highest public current-snapshot estimate
D000248,N20261010-S011,observe,T00181,DARK,,highest public current-snapshot estimate
D000249,N20261010-S012,observe,T00008,DARK,,highest public current-snapshot estimate
D000250,N20261010-S013,observe,T00170,DARK,,highest public current-snapshot estimate
D000251,N20261010-S013,observe,T00003,DARK,,highest public current-snapshot estimate
D000252,N20261010-S014,observe,T00171,DARK,,highest public current-snapshot estimate
D000253,N20261010-S015,observe,T00021,BRIGHT,,highest public current-snapshot estimate
D000254,N20261010-S016,observe,T00001,DARK,,highest public current-snapshot estimate
D000255,N20261010-S017,observe,T00010,DARK,,highest public current-snapshot estimate
D000256,N20261010-S017,observe,T00014,DARK,,highest public current-snapshot estimate
D000257,N20261010-S018,observe,T00011,BRIGHT,,highest public current-snapshot estimate
D000258,N20261010-S018,observe,T00015,DARK,,highest public current-snapshot estimate
D000259,N20261010-S019,observe,T00007,DARK,,highest public current-snapshot estimate
D000260,N20261010-S020,observe,T00024,DARK,,highest public current-snapshot estimate
D000261,N20261010-S020,observe,T00020,DARK,,highest public current-snapshot estimate
D000262,N20261010-S021,wait,,,,no legal observable candidate can finish in its known window
D000263,N20261010-S022,wait,,,,no legal observable candidate can finish in its known window
D000264,N20261010-S023,wait,,,,no legal observable candidate can finish in its known window
D000265,N20261010-S024,wait,,,,no legal observable candidate can finish in its known window
D000266,N20261010-S025,wait,,,,no legal observable candidate can finish in its known window
D000267,N20261010-S026,wait,,,,no legal observable candidate can finish in its known window
D000268,N20261010-S027,wait,,,,no legal observable candidate can finish in its known window
D000269,N20261010-S028,wait,,,,no legal observable candidate can finish in its known window
D000270,N20261010-S029,wait,,,,no legal observable candidate can finish in its known window
D000271,N20261010-S030,wait,,,,no legal observable candidate can finish in its known window
D000272,N20261010-S031,wait,,,,no legal observable candidate can finish in its known window
D000273,N20261010-S032,wait,,,,no legal observable candidate can finish in its known window
D000274,N20261010-S033,wait,,,,no legal observable candidate can finish in its known window
D000275,N20261010-S034,wait,,,,no legal observable candidate can finish in its known window
D000276,N20261010-S035,wait,,,,no legal observable candidate can finish in its known window
D000277,N20261010-S036,wait,,,,no legal observable candidate can finish in its known window
D000278,N20261010-S037,wait,,,,no legal observable candidate can finish in its known window
D000279,N20261010-S038,wait,,,,no legal observable candidate can finish in its known window
D000280,N20261010-S039,wait,,,,no legal observable candidate can finish in its known window
D000281,N20261010-S040,wait,,,,no legal observable candidate can finish in its known window
D000282,N20261010-S041,wait,,,,no legal observable candidate can finish in its known window
D000283,N20261010-S042,wait,,,,no legal observable candidate can finish in its known window
D000284,N20261011-S001,observe,T00125,BRIGHT,,highest public current-snapshot estimate
D000285,N20261011-S002,observe,T00139,BRIGHT,,highest public current-snapshot estimate
D000286,N20261011-S003,observe,T00162,DARK,,highest public current-snapshot estimate
D000287,N20261011-S004,observe,T00130,BRIGHT,,highest public current-snapshot estimate
D000288,N20261011-S005,observe,T00184,DARK,,highest public current-snapshot estimate
D000289,N20261011-S006,observe,T00177,DARK,,highest public current-snapshot estimate
D000290,N20261011-S007,observe,T00192,DARK,,highest public current-snapshot estimate
D000291,N20261011-S008,observe,T00151,BRIGHT,,highest public current-snapshot estimate
D000292,N20261011-S009,observe,T00163,BRIGHT,,highest public current-snapshot estimate
D000293,N20261011-S011,observe,T00187,DARK,,highest public current-snapshot estimate
D000294,N20261011-S011,observe,T00179,DARK,,highest public current-snapshot estimate
D000295,N20261011-S012,observe,T00178,DARK,,highest public current-snapshot estimate
D000296,N20261011-S014,observe,T00018,DARK,,highest public current-snapshot estimate
D000297,N20261011-S015,observe,T00017,DARK,,highest public current-snapshot estimate
D000298,N20261011-S016,observe,T00186,DARK,,highest public current-snapshot estimate
D000299,N20261011-S017,observe,T00004,DARK,,highest public current-snapshot estimate
D000300,N20261011-S019,observe,T00006,BRIGHT,,highest public current-snapshot estimate
D000301,N20261011-S019,observe,T00009,DARK,,highest public current-snapshot estimate
D000302,N20261011-S021,observe,T00003,DARK,,highest public current-snapshot estimate
D000303,N20261011-S021,observe,T00012,DARK,,highest public current-snapshot estimate
D000304,N20261011-S022,observe,T00002,DARK,,highest public current-snapshot estimate
D000305,N20261011-S022,observe,T00046,DARK,,highest public current-snapshot estimate
D000306,N20261011-S023,observe,T00023,DARK,,highest public current-snapshot estimate
D000307,N20261011-S023,observe,T00029,DARK,,highest public current-snapshot estimate
D000308,N20261011-S024,observe,T00026,DARK,,highest public current-snapshot estimate
D000309,N20261011-S025,observe,T00036,DARK,,highest public current-snapshot estimate
D000310,N20261011-S026,observe,T00027,DARK,,highest public current-snapshot estimate
D000311,N20261011-S026,observe,T00019,DARK,,highest public current-snapshot estimate
D000312,N20261011-S027,observe,T00047,BRIGHT,,highest public current-snapshot estimate
D000313,N20261011-S027,observe,T00034,DARK,,highest public current-snapshot estimate
D000314,N20261011-S028,observe,T00045,BRIGHT,,highest public current-snapshot estimate
D000315,N20261011-S029,observe,T00005,DARK,,highest public current-snapshot estimate
D000316,N20261011-S030,observe,T00038,DARK,,highest public current-snapshot estimate
D000317,N20261011-S032,observe,T00028,BRIGHT,,highest public current-snapshot estimate
D000318,N20261011-S033,observe,T00043,BRIGHT,,highest public current-snapshot estimate
D000319,N20261011-S034,observe,T00048,BRIGHT,,highest public current-snapshot estimate
D000320,N20261011-S035,observe,T00042,BRIGHT,,highest public current-snapshot estimate
D000321,N20261011-S036,observe,T00065,BRIGHT,,highest public current-snapshot estimate
D000322,N20261011-S037,observe,T00067,BRIGHT,,highest public current-snapshot estimate
D000323,N20261011-S038,observe,T00085,BRIGHT,,highest public current-snapshot estimate
D000324,N20261011-S039,observe,T00053,BRIGHT,,highest public current-snapshot estimate
D000325,N20261011-S040,observe,T00078,BACKUP,,highest public current-snapshot estimate
D000326,N20261011-S041,observe,T00075,BACKUP,,highest public current-snapshot estimate
D000327,N20261011-S042,observe,T00084,BACKUP,,highest public current-snapshot estimate
D000328,N20261012-S001,observe,T00137,BACKUP,,highest public current-snapshot estimate
D000329,N20261012-S002,observe,T00132,BACKUP,,highest public current-snapshot estimate
D000330,N20261012-S004,observe,T00008,BACKUP,,repeat observation to confirm an anomalous realized-score deviation
D000331,N20261012-S004,observe,T00004,BACKUP,,repeat observation to confirm an anomalous realized-score deviation
D000332,N20261012-S006,observe,T00004,BACKUP,,repeat observation to confirm an anomalous realized-score deviation
D000333,N20261012-S007,observe,T00004,BACKUP,,repeat observation to confirm an anomalous realized-score deviation
D000334,N20261012-S009,wait,,,,no legal observable candidate can finish in its known window
D000335,N20261012-S010,wait,,,,no legal observable candidate can finish in its known window
D000336,N20261012-S011,wait,,,,no legal observable candidate can finish in its known window
D000337,N20261012-S012,wait,,,,no legal observable candidate can finish in its known window
D000338,N20261012-S013,wait,,,,no legal observable candidate can finish in its known window
D000339,N20261012-S014,wait,,,,no legal observable candidate can finish in its known window
D000340,N20261012-S015,wait,,,,no legal observable candidate can finish in its known window
D000341,N20261012-S016,wait,,,,no legal observable candidate can finish in its known window
D000342,N20261012-S017,wait,,,,no legal observable candidate can finish in its known window
D000343,N20261012-S018,wait,,,,no legal observable candidate can finish in its known window
D000344,N20261012-S019,wait,,,,no legal observable candidate can finish in its known window
D000345,N20261012-S020,wait,,,,no legal observable candidate can finish in its known window
D000346,N20261012-S021,wait,,,,no legal observable candidate can finish in its known window
D000347,N20261012-S022,wait,,,,no legal observable candidate can finish in its known window
D000348,N20261012-S023,wait,,,,no legal observable candidate can finish in its known window
D000349,N20261012-S024,wait,,,,no legal observable candidate can finish in its known window
D000350,N20261012-S025,wait,,,,no legal observable candidate can finish in its known window
D000351,N20261012-S026,observe,T00004,BRIGHT,,repeat observation to confirm an anomalous realized-score deviation
D000352,N20261012-S027,observe,T00005,BRIGHT,,repeat observation to confirm an anomalous realized-score deviation
D000353,N20261012-S028,observe,T00007,BRIGHT,,repeat observation to confirm an anomalous realized-score deviation
D000354,N20261012-S029,observe,T00008,BACKUP,,repeat observation to confirm an anomalous realized-score deviation
D000355,N20261012-S030,wait,,,,no legal observable candidate can finish in its known window
D000356,N20261012-S031,wait,,,,no legal observable candidate can finish in its known window
D000357,N20261012-S032,wait,,,,no legal observable candidate can finish in its known window
D000358,N20261012-S033,wait,,,,no legal observable candidate can finish in its known window
D000359,N20261012-S034,wait,,,,no legal observable candidate can finish in its known window
D000360,N20261012-S035,wait,,,,no legal observable candidate can finish in its known window
D000361,N20261012-S036,wait,,,,no legal observable candidate can finish in its known window
D000362,N20261012-S037,wait,,,,no legal observable candidate can finish in its known window
D000363,N20261012-S038,wait,,,,no legal observable candidate can finish in its known window
D000364,N20261012-S039,wait,,,,no legal observable candidate can finish in its known window
D000365,N20261012-S040,wait,,,,no legal observable candidate can finish in its known window
D000366,N20261012-S041,wait,,,,no legal observable candidate can finish in its known window
D000367,N20261012-S042,observe,T00074,BACKUP,,highest public current-snapshot estimate
D000368,N20261012-S042,wait,,,,no legal observable candidate can finish in its known window
D000369,N20261013-S001,observe,T00138,BACKUP,,highest public current-snapshot estimate
D000370,N20261013-S002,observe,T00133,BACKUP,,highest public current-snapshot estimate
D000371,N20261013-S004,observe,T00149,BRIGHT,,highest public current-snapshot estimate
D000372,N20261013-S005,observe,T00157,BRIGHT,,highest public current-snapshot estimate
D000373,N20261013-S007,observe,T00175,BRIGHT,,highest public current-snapshot estimate
D000374,N20261013-S008,observe,T00190,BRIGHT,,highest public current-snapshot estimate
D000375,N20261013-S010,observe,T00174,BRIGHT,,highest public current-snapshot estimate
D000376,N20261013-S011,observe,T00190,BRIGHT,,highest public current-snapshot estimate
D000377,N20261013-S013,observe,T00010,BRIGHT,,repeat observation to confirm an anomalous realized-score deviation
D000378,N20261013-S013,observe,T00011,BRIGHT,,repeat observation to confirm an anomalous realized-score deviation
D000379,N20261013-S014,observe,T00014,BRIGHT,,repeat observation to confirm an anomalous realized-score deviation
D000380,N20261013-S014,observe,T00015,BRIGHT,,repeat observation to confirm an anomalous realized-score deviation
D000381,N20261013-S015,observe,T00020,BRIGHT,,repeat observation to confirm an anomalous realized-score deviation
D000382,N20261013-S016,observe,T00021,BRIGHT,,repeat observation to confirm an anomalous realized-score deviation
D000383,N20261013-S017,observe,T00024,BRIGHT,,repeat observation to confirm an anomalous realized-score deviation
D000384,N20261013-S017,observe,T00028,BACKUP,,repeat observation to confirm an anomalous realized-score deviation
D000385,N20261013-S018,observe,T00033,BRIGHT,,repeat observation to confirm an anomalous realized-score deviation
D000386,N20261013-S020,observe,T00025,BACKUP,,highest public current-snapshot estimate
D000387,N20261013-S021,observe,T00041,BRIGHT,,highest public current-snapshot estimate
D000388,N20261013-S023,observe,T00025,BRIGHT,,highest public current-snapshot estimate
D000389,N20261013-S024,observe,T00030,BACKUP,,repeat observation to confirm an anomalous realized-score deviation
D000390,N20261013-S025,observe,T00034,BRIGHT,,repeat observation to confirm an anomalous realized-score deviation
D000391,N20261013-S026,observe,T00025,BRIGHT,,highest public current-snapshot estimate
D000392,N20261013-S028,observe,T00025,BRIGHT,,highest public current-snapshot estimate
D000393,N20261013-S029,wait,,,,no legal observable candidate can finish in its known window
D000394,N20261013-S030,wait,,,,no legal observable candidate can finish in its known window
D000395,N20261013-S031,wait,,,,no legal observable candidate can finish in its known window
D000396,N20261013-S032,wait,,,,no legal observable candidate can finish in its known window
D000397,N20261013-S033,wait,,,,no legal observable candidate can finish in its known window
D000398,N20261013-S034,wait,,,,no legal observable candidate can finish in its known window
D000399,N20261013-S035,wait,,,,no legal observable candidate can finish in its known window
D000400,N20261013-S036,wait,,,,no legal observable candidate can finish in its known window
D000401,N20261013-S037,wait,,,,no legal observable candidate can finish in its known window
D000402,N20261013-S038,wait,,,,no legal observable candidate can finish in its known window
D000403,N20261013-S039,wait,,,,no legal observable candidate can finish in its known window
D000404,N20261013-S040,wait,,,,no legal observable candidate can finish in its known window
D000405,N20261013-S041,wait,,,,no legal observable candidate can finish in its known window
D000406,N20261013-S042,wait,,,,no legal observable candidate can finish in its known window
D000407,N20261014-S001,observe,T00133,BRIGHT,,highest public current-snapshot estimate
D000408,N20261014-S002,observe,T00150,BRIGHT,,highest public current-snapshot estimate
D000409,N20261014-S003,observe,T00156,BRIGHT,,highest public current-snapshot estimate
D000410,N20261014-S004,observe,T00163,BRIGHT,,highest public current-snapshot estimate
D000411,N20261014-S006,observe,T00159,BRIGHT,,highest public current-snapshot estimate
D000412,N20261014-S007,observe,T00158,BRIGHT,,highest public current-snapshot estimate
D000413,N20261014-S009,observe,T00135,BACKUP,,repeat observation to confirm an anomalous realized-score deviation
D000414,N20261014-S009,observe,T00148,BRIGHT,,repeat observation to confirm an anomalous realized-score deviation
D000415,N20261014-S010,observe,T00153,BRIGHT,,repeat observation to confirm an anomalous realized-score deviation
D000416,N20261014-S010,observe,T00162,BRIGHT,,repeat observation to confirm an anomalous realized-score deviation
D000417,N20261014-S011,observe,T00162,BRIGHT,,repeat observation to confirm an anomalous realized-score deviation
D000418,N20261014-S011,observe,T00162,BRIGHT,,repeat observation to confirm an anomalous realized-score deviation
D000419,N20261014-S012,observe,T00038,BACKUP,,repeat observation to confirm an anomalous realized-score deviation
D000420,N20261014-S012,report_reddening,T00162,,,
D000421,N20261014-S013,observe,T00170,BRIGHT,,repeat observation to confirm an anomalous realized-score deviation
D000422,N20261014-S014,wait,,,,no legal observable candidate can finish in its known window
D000423,N20261014-S015,observe,T00174,BRIGHT,,highest public current-snapshot estimate
D000424,N20261014-S016,observe,T00013,BRIGHT,,highest public current-snapshot estimate
D000425,N20261014-S017,wait,,,,no legal observable candidate can finish in its known window
D000426,N20261014-S018,wait,,,,no legal observable candidate can finish in its known window
D000427,N20261014-S019,wait,,,,no legal observable candidate can finish in its known window
D000428,N20261014-S020,wait,,,,no legal observable candidate can finish in its known window
D000429,N20261014-S021,wait,,,,no legal observable candidate can finish in its known window
D000430,N20261014-S022,observe,T00022,BRIGHT,,highest public current-snapshot estimate
D000431,N20261014-S023,observe,T00041,BRIGHT,,highest public current-snapshot estimate
D000432,N20261014-S024,observe,T00013,BRIGHT,,highest public current-snapshot estimate
D000433,N20261014-S026,observe,T00044,BRIGHT,,highest public current-snapshot estimate
D000434,N20261014-S027,observe,T00044,DARK,,highest public current-snapshot estimate
D000435,N20261014-S029,observe,T00049,BACKUP,,highest public current-snapshot estimate
D000436,N20261014-S029,observe,T00025,BRIGHT,,highest public current-snapshot estimate
D000437,N20261014-S031,observe,T00049,BACKUP,,highest public current-snapshot estimate
D000438,N20261014-S031,observe,T00049,BACKUP,,highest public current-snapshot estimate
D000439,N20261014-S031,report_instrument_failure,,,,
D000440,N20261014-S032,observe,T00049,BRIGHT,,highest public current-snapshot estimate
D000441,N20261014-S033,observe,T00072,BRIGHT,,highest public current-snapshot estimate
D000442,N20261014-S034,observe,T00049,BRIGHT,,highest public current-snapshot estimate
D000443,N20261014-S035,observe,T00071,BRIGHT,,highest public current-snapshot estimate
D000444,N20261014-S036,observe,T00057,BRIGHT,,highest public current-snapshot estimate
D000445,N20261014-S037,observe,T00073,BACKUP,,highest public current-snapshot estimate
D000446,N20261014-S038,observe,T00092,BACKUP,,highest public current-snapshot estimate
D000447,N20261014-S039,observe,T00049,BRIGHT,,highest public current-snapshot estimate
D000448,N20261014-S040,observe,T00084,BACKUP,RQ0002,highest public current-snapshot estimate
D000449,N20261014-S041,observe,T00082,BACKUP,,highest public current-snapshot estimate
D000450,N20261014-S041,observe,T00094,BACKUP,,highest public current-snapshot estimate
D000451,N20261014-S042,observe,T00073,BRIGHT,,highest public current-snapshot estimate
D000452,N20261014-S042,wait,,,,no legal observable candidate can finish in its known window
D000453,N20261015-S001,observe,T00132,BACKUP,,highest public current-snapshot estimate
D000454,N20261015-S002,observe,T00128,BACKUP,,repeat observation to confirm an anomalous realized-score deviation
D000455,N20261015-S003,observe,T00128,BACKUP,,repeat observation to confirm an anomalous realized-score deviation
D000456,N20261015-S005,observe,T00128,BACKUP,,repeat observation to confirm an anomalous realized-score deviation
D000457,N20261015-S006,observe,T00128,BACKUP,,repeat observation to confirm an anomalous realized-score deviation
D000458,N20261015-S007,observe,T00164,BACKUP,,repeat observation to confirm an anomalous realized-score deviation
D000459,N20261015-S007,report_reddening,T00128,,,
D000460,N20261015-S009,observe,T00170,BRIGHT,,repeat observation to confirm an anomalous realized-score deviation
D000461,N20261015-S009,observe,T00170,BRIGHT,,repeat observation to confirm an anomalous realized-score deviation
D000462,N20261015-S010,observe,T00172,BRIGHT,,repeat observation to confirm an anomalous realized-score deviation
D000463,N20261015-S010,observe,T00176,BRIGHT,,repeat observation to confirm an anomalous realized-score deviation
D000464,N20261015-S011,observe,T00180,BRIGHT,,repeat observation to confirm an anomalous realized-score deviation
D000465,N20261015-S011,observe,T00182,BRIGHT,,repeat observation to confirm an anomalous realized-score deviation
D000466,N20261015-S012,observe,T00183,BRIGHT,,repeat observation to confirm an anomalous realized-score deviation
D000467,N20261015-S012,observe,T00185,BRIGHT,,repeat observation to confirm an anomalous realized-score deviation
D000468,N20261015-S013,observe,T00044,BACKUP,,repeat observation to confirm an anomalous realized-score deviation
D000469,N20261015-S014,observe,T00188,BACKUP,,repeat observation to confirm an anomalous realized-score deviation
D000470,N20261015-S015,observe,T00189,BRIGHT,,repeat observation to confirm an anomalous realized-score deviation
D000471,N20261015-S016,observe,T00048,BACKUP,,repeat observation to confirm an anomalous realized-score deviation
D000472,N20261015-S017,observe,T00045,BACKUP,,repeat observation to confirm an anomalous realized-score deviation
D000473,N20261015-S017,observe,T00002,BRIGHT,,highest public current-snapshot estimate
D000474,N20261015-S018,observe,T00002,BRIGHT,,highest public current-snapshot estimate
D000475,N20261015-S018,observe,T00025,BACKUP,,repeat observation to confirm an anomalous realized-score deviation
D000476,N20261015-S020,observe,T00040,BACKUP,,repeat observation to confirm an anomalous realized-score deviation
D000477,N20261015-S020,observe,T00042,BACKUP,,repeat observation to confirm an anomalous realized-score deviation
D000478,N20261015-S022,wait,,,,no legal observable candidate can finish in its known window
D000479,N20261015-S023,wait,,,,no legal observable candidate can finish in its known window
D000480,N20261015-S024,wait,,,,no legal observable candidate can finish in its known window
D000481,N20261015-S025,wait,,,,no legal observable candidate can finish in its known window
D000482,N20261015-S026,wait,,,,no legal observable candidate can finish in its known window
D000483,N20261015-S027,wait,,,,no legal observable candidate can finish in its known window
D000484,N20261015-S028,wait,,,,no legal observable candidate can finish in its known window
D000485,N20261015-S029,wait,,,,no legal observable candidate can finish in its known window
D000486,N20261015-S030,wait,,,,no legal observable candidate can finish in its known window
D000487,N20261015-S031,wait,,,,no legal observable candidate can finish in its known window
D000488,N20261015-S032,wait,,,,no legal observable candidate can finish in its known window
D000489,N20261015-S033,wait,,,,no legal observable candidate can finish in its known window
D000490,N20261015-S034,wait,,,,no legal observable candidate can finish in its known window
D000491,N20261015-S035,observe,T00051,BRIGHT,,highest public current-snapshot estimate
D000492,N20261015-S036,observe,T00042,BRIGHT,,repeat observation to confirm an anomalous realized-score deviation
D000493,N20261015-S037,wait,,,,no legal observable candidate can finish in its known window
D000494,N20261015-S038,wait,,,,no legal observable candidate can finish in its known window
D000495,N20261015-S039,wait,,,,no legal observable candidate can finish in its known window
D000496,N20261015-S040,wait,,,,no legal observable candidate can finish in its known window
D000497,N20261015-S041,wait,,,,no legal observable candidate can finish in its known window
D000498,N20261015-S042,wait,,,,no legal observable candidate can finish in its known window
D000499,N20261016-S001,observe,T00155,DARK,,highest public current-snapshot estimate
D000500,N20261016-S001,observe,T00160,DARK,,highest public current-snapshot estimate
D000501,N20261016-S002,observe,T00157,DARK,,highest public current-snapshot estimate
D000502,N20261016-S003,observe,T00161,DARK,,highest public current-snapshot estimate
D000503,N20261016-S005,observe,T00168,DARK,,highest public current-snapshot estimate
D000504,N20261016-S006,observe,T00175,DARK,,highest public current-snapshot estimate
D000505,N20261016-S007,observe,T00159,DARK,,highest public current-snapshot estimate
D000506,N20261016-S009,observe,T00190,DARK,,highest public current-snapshot estimate
D000507,N20261016-S010,observe,T00174,BRIGHT,,highest public current-snapshot estimate
D000508,N20261016-S012,observe,T00018,DARK,,highest public current-snapshot estimate
D000509,N20261016-S013,observe,T00021,BRIGHT,,highest public current-snapshot estimate
D000510,N20261016-S014,observe,T00021,DARK,,highest public current-snapshot estimate
D000511,N20261016-S015,observe,T00016,DARK,,highest public current-snapshot estimate
D000512,N20261016-S016,observe,T00017,DARK,,highest public current-snapshot estimate
D000513,N20261016-S017,observe,T00006,BRIGHT,,highest public current-snapshot estimate
D000514,N20261016-S018,observe,T00006,DARK,,highest public current-snapshot estimate
D000515,N20261016-S018,observe,T00011,DARK,,highest public current-snapshot estimate
D000516,N20261016-S019,observe,T00013,BRIGHT,,highest public current-snapshot estimate
D000517,N20261016-S020,observe,T00004,DARK,,highest public current-snapshot estimate
D000518,N20261016-S022,observe,T00014,DARK,,highest public current-snapshot estimate
D000519,N20261016-S022,observe,T00007,DARK,,highest public current-snapshot estimate
D000520,N20261016-S023,observe,T00020,DARK,,highest public current-snapshot estimate
D000521,N20261016-S023,observe,T00012,DARK,,highest public current-snapshot estimate
D000522,N20261016-S024,observe,T00033,DARK,,highest public current-snapshot estimate
D000523,N20261016-S025,observe,T00002,DARK,,highest public current-snapshot estimate
D000524,N20261016-S025,observe,T00032,DARK,,highest public current-snapshot estimate
D000525,N20261016-S027,observe,T00046,DARK,,highest public current-snapshot estimate
D000526,N20261016-S027,observe,T00039,DARK,,highest public current-snapshot estimate
D000527,N20261016-S028,observe,T00031,DARK,,highest public current-snapshot estimate
D000528,N20261016-S028,observe,T00040,BRIGHT,,highest public current-snapshot estimate
D000529,N20261016-S029,observe,T00047,DARK,,highest public current-snapshot estimate
D000530,N20261016-S030,observe,T00037,DARK,,highest public current-snapshot estimate
D000531,N20261016-S030,observe,T00030,DARK,,highest public current-snapshot estimate
D000532,N20261016-S031,observe,T00043,DARK,,highest public current-snapshot estimate
D000533,N20261016-S032,observe,T00026,DARK,,highest public current-snapshot estimate
D000534,N20261016-S033,observe,T00071,DARK,,highest public current-snapshot estimate
D000535,N20261016-S034,observe,T00054,DARK,,highest public current-snapshot estimate
D000536,N20261016-S035,observe,T00031,DARK,,highest public current-snapshot estimate
D000537,N20261016-S035,observe,T00049,DARK,,highest public current-snapshot estimate
D000538,N20261016-S036,observe,T00060,DARK,,highest public current-snapshot estimate
D000539,N20261016-S036,observe,T00067,DARK,,highest public current-snapshot estimate
D000540,N20261016-S037,observe,T00062,DARK,,highest public current-snapshot estimate
D000541,N20261016-S038,observe,T00050,DARK,,highest public current-snapshot estimate
D000542,N20261016-S038,observe,T00039,DARK,,highest public current-snapshot estimate
D000543,N20261016-S039,observe,T00063,DARK,,highest public current-snapshot estimate
D000544,N20261016-S039,observe,T00053,DARK,,highest public current-snapshot estimate
D000545,N20261016-S040,observe,T00078,BRIGHT,,highest public current-snapshot estimate
D000546,N20261016-S040,observe,T00061,DARK,,highest public current-snapshot estimate
D000547,N20261016-S041,observe,T00082,BRIGHT,,highest public current-snapshot estimate
D000548,N20261016-S041,observe,T00076,BRIGHT,,highest public current-snapshot estimate
D000549,N20261016-S042,observe,T00084,BRIGHT,,highest public current-snapshot estimate
D000550,N20261017-S001,observe,T00150,DARK,,highest public current-snapshot estimate
D000551,N20261017-S002,observe,T00137,BRIGHT,,highest public current-snapshot estimate
D000552,N20261017-S003,observe,T00132,BACKUP,,highest public current-snapshot estimate
D000553,N20261017-S005,observe,T00147,BRIGHT,,highest public current-snapshot estimate
D000554,N20261017-S006,observe,T00158,BRIGHT,,highest public current-snapshot estimate
D000555,N20261017-S008,observe,T00163,BRIGHT,,highest public current-snapshot estimate
D000556,N20261017-S009,observe,T00159,BRIGHT,,repeat observation to confirm an anomalous realized-score deviation
D000557,N20261017-S011,observe,T00174,DARK,,highest public current-snapshot estimate
D000558,N20261017-S012,observe,T00187,DARK,,highest public current-snapshot estimate
D000559,N20261017-S013,observe,T00008,DARK,,highest public current-snapshot estimate
D000560,N20261017-S013,observe,T00170,DARK,,highest public current-snapshot estimate
D000561,N20261017-S014,observe,T00018,DARK,,highest public current-snapshot estimate
D000562,N20261017-S015,observe,T00178,DARK,,highest public current-snapshot estimate
D000563,N20261017-S016,observe,T00010,DARK,,highest public current-snapshot estimate
D000564,N20261017-S017,observe,T00003,DARK,,highest public current-snapshot estimate
D000565,N20261017-S017,observe,T00017,DARK,,highest public current-snapshot estimate
D000566,N20261017-S018,observe,T00016,DARK,,highest public current-snapshot estimate
D000567,N20261017-S020,observe,T00010,DARK,,highest public current-snapshot estimate
D000568,N20261017-S020,observe,T00003,DARK,,highest public current-snapshot estimate
D000569,N20261017-S021,observe,T00024,DARK,,highest public current-snapshot estimate
D000570,N20261017-S021,observe,T00022,DARK,,highest public current-snapshot estimate
D000571,N20261017-S023,observe,T00014,DARK,,highest public current-snapshot estimate
D000572,N20261017-S023,observe,T00009,DARK,,highest public current-snapshot estimate
D000573,N20261017-S025,observe,T00041,DARK,,highest public current-snapshot estimate
D000574,N20261017-S026,observe,T00048,DARK,,highest public current-snapshot estimate
D000575,N20261017-S027,observe,T00028,BRIGHT,,highest public current-snapshot estimate
D000576,N20261017-S028,observe,T00035,BRIGHT,,highest public current-snapshot estimate
D000577,N20261017-S030,observe,T00025,DARK,,highest public current-snapshot estimate
D000578,N20261017-S031,observe,T00042,DARK,,highest public current-snapshot estimate
D000579,N20261017-S033,observe,T00036,DARK,,highest public current-snapshot estimate
D000580,N20261017-S033,observe,T00040,DARK,,highest public current-snapshot estimate
D000581,N20261017-S034,observe,T00045,DARK,,highest public current-snapshot estimate
D000582,N20261017-S034,observe,T00051,DARK,,highest public current-snapshot estimate
D000583,N20261017-S035,observe,T00065,DARK,,highest public current-snapshot estimate
D000584,N20261017-S037,observe,T00072,DARK,,highest public current-snapshot estimate
D000585,N20261017-S038,wait,,,,no legal observable candidate can finish in its known window
D000586,N20261017-S039,wait,,,,no legal observable candidate can finish in its known window
D000587,N20261017-S040,wait,,,,no legal observable candidate can finish in its known window
D000588,N20261017-S041,wait,,,,no legal observable candidate can finish in its known window
D000589,N20261017-S042,observe,T00085,DARK,,highest public current-snapshot estimate
D000590,N20261017-S043,observe,T00088,BACKUP,,highest public current-snapshot estimate
D000591,N20261018-S001,observe,T00143,BACKUP,,highest public current-snapshot estimate
D000592,N20261018-S001,observe,T00134,BRIGHT,,highest public current-snapshot estimate
D000593,N20261018-S003,observe,T00156,BRIGHT,,highest public current-snapshot estimate
D000594,N20261018-S004,observe,T00163,BRIGHT,,highest public current-snapshot estimate
D000595,N20261018-S005,observe,T00154,BRIGHT,,highest public current-snapshot estimate
D000596,N20261018-S007,observe,T00164,BACKUP,,repeat observation to confirm an anomalous realized-score deviation
D000597,N20261018-S008,observe,T00171,DARK,,highest public current-snapshot estimate
D000598,N20261018-S010,observe,T00171,DARK,,highest public current-snapshot estimate
D000599,N20261018-S011,observe,T00190,BRIGHT,,repeat observation to confirm an anomalous realized-score deviation
D000600,N20261018-S013,observe,T00002,BRIGHT,,highest public current-snapshot estimate
D000601,N20261018-S013,observe,T00002,BRIGHT,,highest public current-snapshot estimate
D000602,N20261018-S014,observe,T00002,BRIGHT,,highest public current-snapshot estimate
D000603,N20261018-S014,observe,T00002,BRIGHT,,highest public current-snapshot estimate
D000604,N20261018-S015,observe,T00002,BRIGHT,,highest public current-snapshot estimate
D000605,N20261018-S015,observe,T00002,BRIGHT,,highest public current-snapshot estimate
D000606,N20261018-S016,observe,T00002,BRIGHT,,highest public current-snapshot estimate
D000607,N20261018-S016,observe,T00002,BRIGHT,,highest public current-snapshot estimate
D000608,N20261018-S017,observe,T00002,BRIGHT,,highest public current-snapshot estimate
D000609,N20261018-S017,observe,T00002,BRIGHT,,highest public current-snapshot estimate
D000610,N20261018-S018,observe,T00002,BRIGHT,,highest public current-snapshot estimate
D000611,N20261018-S018,observe,T00002,BRIGHT,,highest public current-snapshot estimate
D000612,N20261018-S019,observe,T00002,BRIGHT,,highest public current-snapshot estimate
D000613,N20261018-S019,observe,T00002,BRIGHT,,highest public current-snapshot estimate
D000614,N20261018-S020,observe,T00002,BRIGHT,,highest public current-snapshot estimate
D000615,N20261018-S020,observe,T00002,BRIGHT,,highest public current-snapshot estimate
D000616,N20261018-S021,observe,T00021,DARK,,highest public current-snapshot estimate
D000617,N20261018-S022,observe,T00013,DARK,,highest public current-snapshot estimate
D000618,N20261018-S023,observe,T00005,DARK,,highest public current-snapshot estimate
D000619,N20261018-S025,observe,T00013,BRIGHT,,repeat observation to confirm an anomalous realized-score deviation
D000620,N20261018-S026,observe,T00002,BRIGHT,,highest public current-snapshot estimate
D000621,N20261018-S027,observe,T00002,BRIGHT,,highest public current-snapshot estimate
D000622,N20261018-S027,observe,T00002,BRIGHT,,highest public current-snapshot estimate
D000623,N20261018-S028,observe,T00002,BRIGHT,,highest public current-snapshot estimate
D000624,N20261018-S028,observe,T00002,BRIGHT,,highest public current-snapshot estimate
D000625,N20261018-S029,observe,T00002,BRIGHT,,highest public current-snapshot estimate
D000626,N20261018-S029,observe,T00002,BRIGHT,,highest public current-snapshot estimate
D000627,N20261018-S030,observe,T00044,DARK,,highest public current-snapshot estimate
D000628,N20261018-S031,observe,T00038,DARK,,highest public current-snapshot estimate
D000629,N20261018-S032,observe,T00056,BRIGHT,,highest public current-snapshot estimate
D000630,N20261018-S033,observe,T00064,BRIGHT,,highest public current-snapshot estimate
D000631,N20261018-S035,observe,T00092,BRIGHT,,highest public current-snapshot estimate
D000632,N20261018-S036,observe,T00066,BRIGHT,,highest public current-snapshot estimate
D000633,N20261018-S037,observe,T00057,BRIGHT,,highest public current-snapshot estimate
D000634,N20261018-S039,observe,T00080,BRIGHT,,highest public current-snapshot estimate
D000635,N20261018-S040,observe,T00096,BACKUP,,highest public current-snapshot estimate
D000636,N20261018-S041,observe,T00077,BRIGHT,,highest public current-snapshot estimate
D000637,N20261018-S043,observe,T00088,BACKUP,,highest public current-snapshot estimate
